{
"type": "FeatureCollection",
"name": "bikemi_stazioni",
"crs": { "type": "name", "properties": { "name": "urn:ogc:def:crs:OGC:1.3:CRS84" } },
"features": [
{ "type": "Feature", "properties": { "id_amat": 1, "stato": "attiva", "numero": "001", "nome": "Duomo", "tipo": "Monofacciale", "stalli": "24", "sede": "Carreggiata", "id_via": "1", "indirizzo": "PIAZZA DEL DUOMO", "civico": null, "zd_attuale": "1", "anno": "2008" }, "geometry": { "type": "Point", "coordinates": [ 9.189141462641942, 45.46474597341512 ] } },
{ "type": "Feature", "properties": { "id_amat": 3, "stato": "attiva", "numero": "402", "nome": "San Babila Bis", "tipo": "Monofacciale", "stalli": "24", "sede": "Marciapiede", "id_via": "216", "indirizzo": "PIAZZA SAN BABILA", "civico": null, "zd_attuale": "1", "anno": "2008" }, "geometry": { "type": "Point", "coordinates": [ 9.19725017347506, 45.466266136500437 ] } },
{ "type": "Feature", "properties": { "id_amat": 4, "stato": "attiva", "numero": "003", "nome": "Cadorna 1", "tipo": "Monofacciale", "stalli": "21", "sede": "Marciapiede", "id_via": "601", "indirizzo": "PIAZZALE LUIGI CADORNA", "civico": null, "zd_attuale": "1", "anno": "2008" }, "geometry": { "type": "Point", "coordinates": [ 9.175661673055181, 45.468002864902601 ] } },
{ "type": "Feature", "properties": { "id_amat": 5, "stato": "attiva", "numero": "004", "nome": "Lanza", "tipo": "Monofacciale", "stalli": "24", "sede": "Marciapiede", "id_via": "726", "indirizzo": "LARGO ANTONIO GREPPI", "civico": null, "zd_attuale": "1", "anno": "2008" }, "geometry": { "type": "Point", "coordinates": [ 9.181970059045629, 45.472273980024426 ] } },
{ "type": "Feature", "properties": { "id_amat": 6, "stato": "attiva", "numero": "005", "nome": "Universita' Cattolica", "tipo": "Monofacciale", "stalli": "24", "sede": "Marciapiede", "id_via": "643", "indirizzo": "PIAZZA SANT'AMBROGIO", "civico": null, "zd_attuale": "1", "anno": "2008" }, "geometry": { "type": "Point", "coordinates": [ 9.176411553596594, 45.46312096738567 ] } },
{ "type": "Feature", "properties": { "id_amat": 7, "stato": "attiva", "numero": "006", "nome": "San Giorgio", "tipo": "Bifacciale", "stalli": "24", "sede": "Marciapiede", "id_via": "581", "indirizzo": "PIAZZA SAN GIORGIO", "civico": null, "zd_attuale": "1", "anno": "2008" }, "geometry": { "type": "Point", "coordinates": [ 9.183666058588303, 45.460887880872143 ] } },
{ "type": "Feature", "properties": { "id_amat": 8, "stato": "attiva", "numero": "007", "nome": "Santa Maria Beltrade", "tipo": "Monofacciale", "stalli": "24", "sede": "Marciapiede", "id_via": "514", "indirizzo": "PIAZZA SANTA MARIA BELTRADE", "civico": null, "zd_attuale": "1", "anno": "2008" }, "geometry": { "type": "Point", "coordinates": [ 9.186745326611534, 45.462848249976361 ] } },
{ "type": "Feature", "properties": { "id_amat": 9, "stato": "attiva", "numero": "008", "nome": "Velasca", "tipo": "Monofacciale", "stalli": "24", "sede": "Marciapiede", "id_via": "335", "indirizzo": "PIAZZA VELASCA", "civico": null, "zd_attuale": "1", "anno": "2008" }, "geometry": { "type": "Point", "coordinates": [ 9.190296065878343, 45.460100426684846 ] } },
{ "type": "Feature", "properties": { "id_amat": 10, "stato": "attiva", "numero": "009", "nome": "S. Stefano", "tipo": "Monofacciale", "stalli": "18", "sede": "Marciapiede", "id_via": "354", "indirizzo": "PIAZZA SANTO STEFANO", "civico": null, "zd_attuale": "1", "anno": "2008" }, "geometry": { "type": "Point", "coordinates": [ 9.195239434282286, 45.462370158956112 ] } },
{ "type": "Feature", "properties": { "id_amat": 11, "stato": "attiva", "numero": "010", "nome": "Missori", "tipo": "Monofacciale", "stalli": "21", "sede": "Marciapiede", "id_via": "525", "indirizzo": "PIAZZA GIUSEPPE MISSORI", "civico": null, "zd_attuale": "1", "anno": "2008" }, "geometry": { "type": "Point", "coordinates": [ 9.188246191071133, 45.46131859260759 ] } },
{ "type": "Feature", "properties": { "id_amat": 12, "stato": "attiva", "numero": "011", "nome": "Castello - Acquario civico", "tipo": "Monofacciale", "stalli": "18", "sede": "Marciapiede", "id_via": "7098", "indirizzo": "VIALE GADIO", "civico": null, "zd_attuale": "1", "anno": "2008" }, "geometry": { "type": "Point", "coordinates": [ 9.179319559595523, 45.472517013493054 ] } },
{ "type": "Feature", "properties": { "id_amat": 13, "stato": "attiva", "numero": "012", "nome": "San Lorenzo - \"Colonne\"", "tipo": "Monofacciale", "stalli": "24", "sede": "Marciapiede", "id_via": "549", "indirizzo": "VIA PIO IV", "civico": null, "zd_attuale": "1", "anno": "2008" }, "geometry": { "type": "Point", "coordinates": [ 9.181626953089749, 45.458603445998186 ] } },
{ "type": "Feature", "properties": { "id_amat": 14, "stato": "attiva", "numero": "013", "nome": "Senato", "tipo": "Monofacciale", "stalli": "18", "sede": "Marciapiede", "id_via": "263", "indirizzo": "VIA SENATO - INTERSEZIONE VIA MARINA", "civico": null, "zd_attuale": "1", "anno": "2008" }, "geometry": { "type": "Point", "coordinates": [ 9.197534248930442, 45.470505931763029 ] } },
{ "type": "Feature", "properties": { "id_amat": 15, "stato": "attiva", "numero": "014", "nome": "San Barnaba H Mangiagalli", "tipo": "Monofacciale", "stalli": "21", "sede": "Marciapiede", "id_via": "3010", "indirizzo": "VIA SAN BARNABA", "civico": null, "zd_attuale": "1", "anno": "2008" }, "geometry": { "type": "Point", "coordinates": [ 9.198447697731382, 45.459513745270712 ] } },
{ "type": "Feature", "properties": { "id_amat": 16, "stato": "attiva", "numero": "015", "nome": "Cantore", "tipo": "Monofacciale", "stalli": "24", "sede": "Marciapiede", "id_via": "5103", "indirizzo": "PIAZZALE ANTONIO CANTORE", "civico": null, "zd_attuale": "6", "anno": "2008" }, "geometry": { "type": "Point", "coordinates": [ 9.172674371555352, 45.455873661552204 ] } },
{ "type": "Feature", "properties": { "id_amat": 17, "stato": "attiva", "numero": "016", "nome": "Moscova", "tipo": "Bifacciale", "stalli": "24", "sede": "Marciapiede", "id_via": "1033", "indirizzo": "LARGO LA FOPPA", "civico": null, "zd_attuale": "1", "anno": "2009" }, "geometry": { "type": "Point", "coordinates": [ 9.184533827609009, 45.477544986260874 ] } },
{ "type": "Feature", "properties": { "id_amat": 18, "stato": "attiva", "numero": "017", "nome": "Legnano Arena civica", "tipo": "Monofacciale", "stalli": "18", "sede": "Marciapiede", "id_via": "7082", "indirizzo": "VIA LEGNANO", "civico": null, "zd_attuale": "1", "anno": "2008" }, "geometry": { "type": "Point", "coordinates": [ 9.180886079168754, 45.477148321065251 ] } },
{ "type": "Feature", "properties": { "id_amat": 19, "stato": "attiva", "numero": "018", "nome": "Tommaseo", "tipo": "Monofacciale", "stalli": "24", "sede": "Marciapiede", "id_via": "6175", "indirizzo": "PIAZZA NICOLO' TOMMASEO", "civico": null, "zd_attuale": "1", "anno": "2008" }, "geometry": { "type": "Point", "coordinates": [ 9.166652007489423, 45.469556398461194 ] } },
{ "type": "Feature", "properties": { "id_amat": 21, "stato": "attiva", "numero": "019", "nome": "Italia - Santa Sofia", "tipo": "Monofacciale", "stalli": "24", "sede": "Marciapiede", "id_via": "526", "indirizzo": "CORSO ITALIA", "civico": null, "zd_attuale": "1", "anno": "2008" }, "geometry": { "type": "Point", "coordinates": [ 9.18744983532436, 45.455741843586594 ] } },
{ "type": "Feature", "properties": { "id_amat": 22, "stato": "attiva", "numero": "020", "nome": "Erculea", "tipo": "Monofacciale", "stalli": "21", "sede": "Marciapiede", "id_via": "409", "indirizzo": "PIAZZA ERCULEA", "civico": null, "zd_attuale": "1", "anno": "2008" }, "geometry": { "type": "Point", "coordinates": [ 9.18964481899844, 45.459095796527485 ] } },
{ "type": "Feature", "properties": { "id_amat": 23, "stato": "attiva", "numero": "021", "nome": "Universita' Bocconi", "tipo": "Monofacciale", "stalli": "24", "sede": "Marciapiede", "id_via": "4050", "indirizzo": "VIA FERDINANDO BOCCONI", "civico": null, "zd_attuale": "5", "anno": "2008" }, "geometry": { "type": "Point", "coordinates": [ 9.190409240070878, 45.44863256730315 ] } },
{ "type": "Feature", "properties": { "id_amat": 24, "stato": "attiva", "numero": "022", "nome": "Medaglie d'Oro 1", "tipo": "Monofacciale", "stalli": "21", "sede": "Marciapiede", "id_via": "4068", "indirizzo": "CORSO LODI", "civico": null, "zd_attuale": "4", "anno": "2008" }, "geometry": { "type": "Point", "coordinates": [ 9.203350422343483, 45.45161201949356 ] } },
{ "type": "Feature", "properties": { "id_amat": 25, "stato": "attiva", "numero": "023", "nome": "Regina Margherita", "tipo": "Monofacciale", "stalli": "24", "sede": "Marciapiede", "id_via": "3059", "indirizzo": "VIALE REGINA MARGHERITA", "civico": null, "zd_attuale": "1", "anno": "2008" }, "geometry": { "type": "Point", "coordinates": [ 9.205300766700987, 45.458250471922028 ] } },
{ "type": "Feature", "properties": { "id_amat": 27, "stato": "attiva", "numero": "024", "nome": "Tricolore", "tipo": "Monofacciale", "stalli": "24", "sede": "Marciapiede", "id_via": "3047", "indirizzo": "PIAZZA DEL TRICOLORE", "civico": null, "zd_attuale": "1", "anno": "2008" }, "geometry": { "type": "Point", "coordinates": [ 9.206022565543202, 45.46781447937478 ] } },
{ "type": "Feature", "properties": { "id_amat": 28, "stato": "attiva", "numero": "025", "nome": "Centrale 1", "tipo": "Monofacciale", "stalli": "24", "sede": "Marciapiede", "id_via": "1200", "indirizzo": "PIAZZA DUCA D'AOSTA - LATO SX", "civico": null, "zd_attuale": "2", "anno": "2008" }, "geometry": { "type": "Point", "coordinates": [ 9.202492563661469, 45.485410187947387 ] } },
{ "type": "Feature", "properties": { "id_amat": 29, "stato": "attiva", "numero": "026", "nome": "Centrale 2", "tipo": "Monofacciale", "stalli": "24", "sede": "Marciapiede", "id_via": "1200", "indirizzo": "PIAZZA DUCA D'AOSTA - LATO DX", "civico": null, "zd_attuale": "2", "anno": "2008" }, "geometry": { "type": "Point", "coordinates": [ 9.204244247011971, 45.484539317454839 ] } },
{ "type": "Feature", "properties": { "id_amat": 30, "stato": "attiva", "numero": "027", "nome": "Porta Venezia", "tipo": "Bifacciale", "stalli": "24", "sede": "Marciapiede", "id_via": "2106", "indirizzo": "BASTIONI DI PORTA VENEZIA", "civico": null, "zd_attuale": "1", "anno": "2008" }, "geometry": { "type": "Point", "coordinates": [ 9.204531507779389, 45.474635549246905 ] } },
{ "type": "Feature", "properties": { "id_amat": 31, "stato": "attiva", "numero": "028", "nome": "San Giovanni sul Muro", "tipo": "Bifacciale", "stalli": "24", "sede": "Marciapiede", "id_via": "727", "indirizzo": "LARGO MARIA CALLAS", "civico": null, "zd_attuale": "1", "anno": "2008" }, "geometry": { "type": "Point", "coordinates": [ 9.181432580678816, 45.467565705294525 ] } },
{ "type": "Feature", "properties": { "id_amat": 32, "stato": "attiva", "numero": "029", "nome": "San Pietro in Gessate", "tipo": "Monofacciale", "stalli": "24", "sede": "Marciapiede", "id_via": "3016", "indirizzo": "CORSO DI PORTA VITTORIA", "civico": null, "zd_attuale": "1", "anno": "2008" }, "geometry": { "type": "Point", "coordinates": [ 9.201393184049456, 45.46239174039065 ] } },
{ "type": "Feature", "properties": { "id_amat": 33, "stato": "attiva", "numero": "030", "nome": "Crocetta", "tipo": "Monofacciale", "stalli": "21", "sede": "Marciapiede", "id_via": "654", "indirizzo": "LARGO DELLA CROCETTA", "civico": null, "zd_attuale": "1", "anno": "2008" }, "geometry": { "type": "Point", "coordinates": [ 9.195717519846133, 45.456224445691369 ] } },
{ "type": "Feature", "properties": { "id_amat": 34, "stato": "attiva", "numero": "031", "nome": "Brenta MM", "tipo": "Bifacciale", "stalli": "36", "sede": "Marciapiede", "id_via": "4171", "indirizzo": "VIALE BACCHIGLIONE - INTERSEZIONE CORSO LODI", "civico": null, "zd_attuale": "4", "anno": "2014" }, "geometry": { "type": "Point", "coordinates": [ 9.21929618593966, 45.442681678650175 ] } },
{ "type": "Feature", "properties": { "id_amat": 36, "stato": "attiva", "numero": "032", "nome": "Manin - Bastioni", "tipo": "Monofacciale", "stalli": "30", "sede": "Carreggiata", "id_via": "1052", "indirizzo": "VIA DANIELE MANIN", "civico": null, "zd_attuale": "1", "anno": "2008" }, "geometry": { "type": "Point", "coordinates": [ 9.198315723354177, 45.476859834988943 ] } },
{ "type": "Feature", "properties": { "id_amat": 37, "stato": "attiva", "numero": "033", "nome": "Triennale", "tipo": "Monofacciale", "stalli": "24", "sede": "Marciapiede", "id_via": "7106", "indirizzo": "VIALE EMILIO ALEMAGNA", "civico": null, "zd_attuale": "1", "anno": "2008" }, "geometry": { "type": "Point", "coordinates": [ 9.173652222122344, 45.471813906155035 ] } },
{ "type": "Feature", "properties": { "id_amat": 38, "stato": "attiva", "numero": "034", "nome": "Cairoli", "tipo": "Monofacciale", "stalli": "21", "sede": "Carreggiata", "id_via": "609", "indirizzo": "VIA SAN GIOVANNI SUL MURO", "civico": "1", "zd_attuale": "1", "anno": "2008" }, "geometry": { "type": "Point", "coordinates": [ 9.182153751483149, 45.467653017447354 ] } },
{ "type": "Feature", "properties": { "id_amat": 39, "stato": "attiva", "numero": "035", "nome": "Torino - Carrobbio", "tipo": "Monofacciale", "stalli": "21", "sede": "Marciapiede", "id_via": "543", "indirizzo": "VIA TORINO", "civico": "79", "zd_attuale": "1", "anno": "2008" }, "geometry": { "type": "Point", "coordinates": [ 9.181883322281053, 45.460490990486164 ] } },
{ "type": "Feature", "properties": { "id_amat": 40, "stato": "attiva", "numero": "036", "nome": "San Vito", "tipo": "Monofacciale", "stalli": "24", "sede": "Marciapiede", "id_via": "539", "indirizzo": "VIA SAN VITO", "civico": null, "zd_attuale": "1", "anno": "2008" }, "geometry": { "type": "Point", "coordinates": [ 9.183729347985144, 45.459240904143172 ] } },
{ "type": "Feature", "properties": { "id_amat": 41, "stato": "attiva", "numero": "037", "nome": "Italia - San Martino", "tipo": "Monofacciale", "stalli": "24", "sede": "Marciapiede", "id_via": "526", "indirizzo": "CORSO ITALIA", "civico": null, "zd_attuale": "1", "anno": "2008" }, "geometry": { "type": "Point", "coordinates": [ 9.186972410448361, 45.453161196461821 ] } },
{ "type": "Feature", "properties": { "id_amat": 42, "stato": "attiva", "numero": "038", "nome": "XXIV Maggio", "tipo": "Bifacciale", "stalli": "24", "sede": "Marciapiede", "id_via": "5200", "indirizzo": "PIAZZA VENTIQUATTRO MAGGIO", "civico": null, "zd_attuale": "5", "anno": "2009" }, "geometry": { "type": "Point", "coordinates": [ 9.179554424983044, 45.452220595688786 ] } },
{ "type": "Feature", "properties": { "id_amat": 43, "stato": "attiva", "numero": "039", "nome": "XXV Aprile", "tipo": "Bifacciale", "stalli": "24", "sede": "Marciapiede", "id_via": "1010", "indirizzo": "CORSO GARIBALDI", "civico": null, "zd_attuale": "1", "anno": "2008" }, "geometry": { "type": "Point", "coordinates": [ 9.186674174078792, 45.480172997774481 ] } },
{ "type": "Feature", "properties": { "id_amat": 44, "stato": "attiva", "numero": "040", "nome": "Morozzo della Rocca", "tipo": "Monofacciale", "stalli": "24", "sede": "Carreggiata", "id_via": "6215", "indirizzo": "VIA MOROZZO DELLA ROCCA", "civico": null, "zd_attuale": "1", "anno": "2008" }, "geometry": { "type": "Point", "coordinates": [ 9.16893363778208, 45.463971623871039 ] } },
{ "type": "Feature", "properties": { "id_amat": 45, "stato": "attiva", "numero": "041", "nome": "Conciliazione", "tipo": "Monofacciale", "stalli": "18", "sede": "Marciapiede", "id_via": "6178", "indirizzo": "PIAZZA DELLA CONCILIAZIONE", "civico": null, "zd_attuale": "1", "anno": "2008" }, "geometry": { "type": "Point", "coordinates": [ 9.166966088597961, 45.467712761187308 ] } },
{ "type": "Feature", "properties": { "id_amat": 46, "stato": "attiva", "numero": "042", "nome": "San Pietro all'Orto", "tipo": "Monofacciale", "stalli": "24", "sede": "Carreggiata", "id_via": "213", "indirizzo": "VIA SAN PIETRO ALL'ORTO", "civico": null, "zd_attuale": "1", "anno": "2008" }, "geometry": { "type": "Point", "coordinates": [ 9.195572885849423, 45.466204938580503 ] } },
{ "type": "Feature", "properties": { "id_amat": 47, "stato": "attiva", "numero": "043", "nome": "Festa del Perdono", "tipo": "Monofacciale", "stalli": "24", "sede": "Marciapiede", "id_via": "327", "indirizzo": "VIA FESTA DEL PERDONO", "civico": null, "zd_attuale": "1", "anno": "2008" }, "geometry": { "type": "Point", "coordinates": [ 9.194770824468513, 45.461405880367707 ] } },
{ "type": "Feature", "properties": { "id_amat": 48, "stato": "attiva", "numero": "044", "nome": "Richini", "tipo": "Monofacciale", "stalli": "24", "sede": "Marciapiede", "id_via": "331", "indirizzo": "LARGO FRANCESCO RICHINI", "civico": null, "zd_attuale": "1", "anno": "2008" }, "geometry": { "type": "Point", "coordinates": [ 9.193012370299764, 45.45943633843973 ] } },
{ "type": "Feature", "properties": { "id_amat": 49, "stato": "attiva", "numero": "045", "nome": "Cantu'", "tipo": "Monofacciale", "stalli": "21", "sede": "Marciapiede", "id_via": "573", "indirizzo": "VIA CESARE CANTU'", "civico": "4", "zd_attuale": "1", "anno": "2008" }, "geometry": { "type": "Point", "coordinates": [ 9.186660648421533, 45.464177225640945 ] } },
{ "type": "Feature", "properties": { "id_amat": 50, "stato": "attiva", "numero": "046", "nome": "Porta Nuova", "tipo": "Monofacciale", "stalli": "24", "sede": "Marciapiede", "id_via": "1061", "indirizzo": "PIAZZALE PRINCIPESSA CLOTILDE", "civico": null, "zd_attuale": "9", "anno": "2008" }, "geometry": { "type": "Point", "coordinates": [ 9.192836682240401, 45.480040087945731 ] } },
{ "type": "Feature", "properties": { "id_amat": 51, "stato": "attiva", "numero": "047", "nome": "Gorizia 1", "tipo": "Monofacciale", "stalli": "24", "sede": "Marciapiede", "id_via": "5156", "indirizzo": "VIALE GORIZIA", "civico": null, "zd_attuale": "6", "anno": "2008" }, "geometry": { "type": "Point", "coordinates": [ 9.177521970856201, 45.45232497231121 ] } },
{ "type": "Feature", "properties": { "id_amat": 52, "stato": "attiva", "numero": "048", "nome": "Gorizia 2", "tipo": "Monofacciale", "stalli": "21", "sede": "Marciapiede", "id_via": "5156", "indirizzo": "VIALE GORIZIA", "civico": null, "zd_attuale": "6", "anno": "2008" }, "geometry": { "type": "Point", "coordinates": [ 9.177624950922638, 45.452215917189491 ] } },
{ "type": "Feature", "properties": { "id_amat": 53, "stato": "attiva", "numero": "049", "nome": "Meda", "tipo": "Monofacciale", "stalli": "24", "sede": "Carreggiata", "id_via": "212", "indirizzo": "VIA SAN PAOLO", "civico": null, "zd_attuale": "1", "anno": "2008" }, "geometry": { "type": "Point", "coordinates": [ 9.193060819392276, 45.466396494475745 ] } },
{ "type": "Feature", "properties": { "id_amat": 54, "stato": "attiva", "numero": "050", "nome": "Beccaria", "tipo": "Monofacciale", "stalli": "24", "sede": "Carreggiata", "id_via": "306", "indirizzo": "PIAZZA CESARE BECCARIA", "civico": null, "zd_attuale": "1", "anno": "2008" }, "geometry": { "type": "Point", "coordinates": [ 9.194666594256347, 45.464388497846009 ] } },
{ "type": "Feature", "properties": { "id_amat": 55, "stato": "attiva", "numero": "051", "nome": "Santa Maria delle Grazie", "tipo": "Monofacciale", "stalli": "24", "sede": "Carreggiata", "id_via": "6163", "indirizzo": "VIA FRATELLI RUFFINI", "civico": null, "zd_attuale": "1", "anno": "2008" }, "geometry": { "type": "Point", "coordinates": [ 9.169620830008283, 45.466716764286318 ] } },
{ "type": "Feature", "properties": { "id_amat": 56, "stato": "attiva", "numero": "052", "nome": "Vittor Pisani", "tipo": "Monofacciale", "stalli": "24", "sede": "Marciapiede", "id_via": "1201", "indirizzo": "VIA VITTOR PISANI", "civico": "2", "zd_attuale": "2", "anno": "2008" }, "geometry": { "type": "Point", "coordinates": [ 9.199212314860402, 45.480507795568322 ] } },
{ "type": "Feature", "properties": { "id_amat": 57, "stato": "attiva", "numero": "053", "nome": "Palestro 1", "tipo": "Monofacciale", "stalli": "24", "sede": "Carreggiata", "id_via": "2102", "indirizzo": "VIA PALESTRO", "civico": null, "zd_attuale": "1", "anno": "2008" }, "geometry": { "type": "Point", "coordinates": [ 9.201831925492398, 45.47228717895846 ] } },
{ "type": "Feature", "properties": { "id_amat": 58, "stato": "attiva", "numero": "054", "nome": "Sant'Eustorgio - P.ta Ticinese", "tipo": "Monofacciale", "stalli": "24", "sede": "Carreggiata", "id_via": "541", "indirizzo": "CORSO DI PORTA TICINESE", "civico": null, "zd_attuale": "1", "anno": "2008" }, "geometry": { "type": "Point", "coordinates": [ 9.180838340521229, 45.455190559558851 ] } },
{ "type": "Feature", "properties": { "id_amat": 59, "stato": "attiva", "numero": "055", "nome": "Cinque Giornate", "tipo": "Monofacciale", "stalli": "24", "sede": "Carreggiata", "id_via": "3053", "indirizzo": "PIAZZA CINQUE GIORNATE", "civico": null, "zd_attuale": "1", "anno": "2008" }, "geometry": { "type": "Point", "coordinates": [ 9.207019319131152, 45.46266904827322 ] } },
{ "type": "Feature", "properties": { "id_amat": 60, "stato": "attiva", "numero": "056", "nome": "Bastioni di Porta Venezia", "tipo": "Monofacciale", "stalli": "24", "sede": "Carreggiata", "id_via": "2715", "indirizzo": "VIALE CITTA' DI FIUME", "civico": null, "zd_attuale": "1", "anno": "2008" }, "geometry": { "type": "Point", "coordinates": [ 9.200501438387743, 45.475973088445279 ] } },
{ "type": "Feature", "properties": { "id_amat": 61, "stato": "attiva", "numero": "057", "nome": "Brera", "tipo": "Monofacciale", "stalli": "24", "sede": "Marciapiede", "id_via": "122", "indirizzo": "VIA BRERA", "civico": null, "zd_attuale": "1", "anno": "2008" }, "geometry": { "type": "Point", "coordinates": [ 9.187641249068603, 45.471591282984143 ] } },
{ "type": "Feature", "properties": { "id_amat": 62, "stato": "attiva", "numero": "058", "nome": "Sant'Agostino", "tipo": "Monofacciale", "stalli": "24", "sede": "Carreggiata", "id_via": "6230", "indirizzo": "VIA NUMA POMPILIO", "civico": null, "zd_attuale": "1", "anno": "2008" }, "geometry": { "type": "Point", "coordinates": [ 9.169561762500928, 45.458983672232719 ] } },
{ "type": "Feature", "properties": { "id_amat": 63, "stato": "attiva", "numero": "059", "nome": "Palestro 2", "tipo": "Monofacciale", "stalli": "24", "sede": "Carreggiata", "id_via": "2102", "indirizzo": "VIA PALESTRO", "civico": null, "zd_attuale": "1", "anno": "2008" }, "geometry": { "type": "Point", "coordinates": [ 9.20157581411728, 45.472417082050093 ] } },
{ "type": "Feature", "properties": { "id_amat": 64, "stato": "attiva", "numero": "060", "nome": "Edison", "tipo": "Monofacciale", "stalli": "24", "sede": "Carreggiata", "id_via": "629", "indirizzo": "VIA DELLA POSTA", "civico": "8", "zd_attuale": "1", "anno": "2008" }, "geometry": { "type": "Point", "coordinates": [ 9.183514521724181, 45.464333841699116 ] } },
{ "type": "Feature", "properties": { "id_amat": 66, "stato": "attiva", "numero": "061", "nome": "Augusto", "tipo": "Monofacciale", "stalli": "24", "sede": "Carreggiata", "id_via": "315", "indirizzo": "LARGO AUGUSTO", "civico": null, "zd_attuale": "1", "anno": "2008" }, "geometry": { "type": "Point", "coordinates": [ 9.198391152462765, 45.463255842329836 ] } },
{ "type": "Feature", "properties": { "id_amat": 67, "stato": "attiva", "numero": "062", "nome": "Treves", "tipo": "Monofacciale", "stalli": "24", "sede": "Carreggiata", "id_via": "1026", "indirizzo": "LARGO CLAUDIO TREVES", "civico": null, "zd_attuale": "1", "anno": "2008" }, "geometry": { "type": "Point", "coordinates": [ 9.186787899454464, 45.475045008676105 ] } },
{ "type": "Feature", "properties": { "id_amat": 70, "stato": "attiva", "numero": "065", "nome": "Bertarelli", "tipo": "Monofacciale", "stalli": "24", "sede": "Carreggiata", "id_via": "584", "indirizzo": "PIAZZA LUIGI VITTORIO BERTARELLI", "civico": null, "zd_attuale": "1", "anno": "2008" }, "geometry": { "type": "Point", "coordinates": [ 9.187493249627533, 45.458586868733427 ] } },
{ "type": "Feature", "properties": { "id_amat": 71, "stato": "attiva", "numero": "066", "nome": "Cavour", "tipo": "Monofacciale", "stalli": "27", "sede": "Marciapiede", "id_via": "237", "indirizzo": "PIAZZA CAVOUR", "civico": null, "zd_attuale": "1", "anno": "2008" }, "geometry": { "type": "Point", "coordinates": [ 9.196340516992223, 45.473016202571529 ] } },
{ "type": "Feature", "properties": { "id_amat": 72, "stato": "attiva", "numero": "067", "nome": "Repubblica", "tipo": "Monofacciale", "stalli": "24", "sede": "Carreggiata", "id_via": "1055", "indirizzo": "PIAZZA DELLA REPUBBLICA", "civico": null, "zd_attuale": "2", "anno": "2008" }, "geometry": { "type": "Point", "coordinates": [ 9.196545253937012, 45.479081105292501 ] } },
{ "type": "Feature", "properties": { "id_amat": 73, "stato": "attiva", "numero": "068", "nome": "Rotonda della Besana", "tipo": "Monofacciale", "stalli": "24", "sede": "Carreggiata", "id_via": "3057", "indirizzo": "VIA EMILIO VISCONTI VENOSTA - INTERSEZIONE VIA ENRICO BESANA", "civico": "1", "zd_attuale": "1", "anno": "2008" }, "geometry": { "type": "Point", "coordinates": [ 9.205446007746655, 45.460604744718204 ] } },
{ "type": "Feature", "properties": { "id_amat": 74, "stato": "attiva", "numero": "069", "nome": "S. Nazaro in Brolo", "tipo": "Bifacciale", "stalli": "24", "sede": "Marciapiede", "id_via": "353", "indirizzo": "PIAZZA SAN NAZARO IN BROLO", "civico": null, "zd_attuale": "1", "anno": "2009" }, "geometry": { "type": "Point", "coordinates": [ 9.192644706048485, 45.458302209233644 ] } },
{ "type": "Feature", "properties": { "id_amat": 75, "stato": "attiva", "numero": "070", "nome": "Fatebenefratelli", "tipo": "Monofacciale", "stalli": "30", "sede": "Marciapiede", "id_via": "144", "indirizzo": "VIA FATEBENEFRATELLI", "civico": null, "zd_attuale": "1", "anno": "2008" }, "geometry": { "type": "Point", "coordinates": [ 9.190114222786816, 45.473150088578123 ] } },
{ "type": "Feature", "properties": { "id_amat": 76, "stato": "attiva", "numero": "071", "nome": "Medaglie d'Oro 2", "tipo": "Bifacciale", "stalli": "18", "sede": "Marciapiede", "id_via": "4068", "indirizzo": "CORSO LODI - INTERSEZIONE PIAZZALE MEDAGLIE D'ORO", "civico": null, "zd_attuale": "4", "anno": "2009" }, "geometry": { "type": "Point", "coordinates": [ 9.203000636454094, 45.451848460875624 ] } },
{ "type": "Feature", "properties": { "id_amat": 77, "stato": "attiva", "numero": "072", "nome": "Cardinal Ferrari", "tipo": "Monofacciale", "stalli": "21", "sede": "Carreggiata", "id_via": "4014", "indirizzo": "VIA SAN CALIMERO", "civico": null, "zd_attuale": "1", "anno": "2008" }, "geometry": { "type": "Point", "coordinates": [ 9.192768210626912, 45.456708930336241 ] } },
{ "type": "Feature", "properties": { "id_amat": 78, "stato": "attiva", "numero": "073", "nome": "Majno - Baretti", "tipo": "Monofacciale", "stalli": "24", "sede": "Carreggiata", "id_via": "2176", "indirizzo": "VIA GIUSEPPE BARETTI", "civico": null, "zd_attuale": "1", "anno": "2009" }, "geometry": { "type": "Point", "coordinates": [ 9.204913615640107, 45.471497599317203 ] } },
{ "type": "Feature", "properties": { "id_amat": 79, "stato": "attiva", "numero": "074", "nome": "Dante - San Tomaso", "tipo": "Monofacciale", "stalli": "15", "sede": "Carreggiata", "id_via": "723", "indirizzo": "VIA SAN TOMASO", "civico": null, "zd_attuale": "1", "anno": "2009" }, "geometry": { "type": "Point", "coordinates": [ 9.184080776626056, 45.467076052598344 ] } },
{ "type": "Feature", "properties": { "id_amat": 80, "stato": "attiva", "numero": "075", "nome": "Cusani", "tipo": "Bifacciale", "stalli": "24", "sede": "Marciapiede", "id_via": "719", "indirizzo": "VIA CUSANI", "civico": null, "zd_attuale": "1", "anno": "2009" }, "geometry": { "type": "Point", "coordinates": [ 9.185006033581962, 45.468749618880324 ] } },
{ "type": "Feature", "properties": { "id_amat": 81, "stato": "attiva", "numero": "076", "nome": "Mentana", "tipo": "Bifacciale", "stalli": "24", "sede": "Marciapiede", "id_via": "560", "indirizzo": "PIAZZA MENTANA", "civico": null, "zd_attuale": "1", "anno": "2009" }, "geometry": { "type": "Point", "coordinates": [ 9.181956861288203, 45.461778997166327 ] } },
{ "type": "Feature", "properties": { "id_amat": 82, "stato": "attiva", "numero": "077", "nome": "Sant'Angelo - P.ta Nuova", "tipo": "Monofacciale", "stalli": "24", "sede": "Carreggiata", "id_via": "1044", "indirizzo": "CORSO DI PORTA NUOVA", "civico": null, "zd_attuale": "1", "anno": "2009" }, "geometry": { "type": "Point", "coordinates": [ 9.191803638641343, 45.476727712301418 ] } },
{ "type": "Feature", "properties": { "id_amat": 83, "stato": "attiva", "numero": "078", "nome": "Aquileia", "tipo": "Monofacciale", "stalli": "24", "sede": "Marciapiede", "id_via": "6205", "indirizzo": "PIAZZALE AQUILEIA", "civico": null, "zd_attuale": "7", "anno": "2009" }, "geometry": { "type": "Point", "coordinates": [ 9.16337125843968, 45.460856195950655 ] } },
{ "type": "Feature", "properties": { "id_amat": 84, "stato": "attiva", "numero": "079", "nome": "Baracca", "tipo": "Monofacciale", "stalli": "24", "sede": "Marciapiede", "id_via": "6180", "indirizzo": "PIAZZALE FRANCESCO BARACCA", "civico": null, "zd_attuale": "1", "anno": "2009" }, "geometry": { "type": "Point", "coordinates": [ 9.165491737988299, 45.466712668625924 ] } },
{ "type": "Feature", "properties": { "id_amat": 85, "stato": "attiva", "numero": "080", "nome": "Manzoni", "tipo": "Monofacciale", "stalli": "24", "sede": "Carreggiata", "id_via": "147", "indirizzo": "PIAZZA SANT'ERASMO", "civico": null, "zd_attuale": "1", "anno": "2009" }, "geometry": { "type": "Point", "coordinates": [ 9.192389581720294, 45.47124117942365 ] } },
{ "type": "Feature", "properties": { "id_amat": 86, "stato": "attiva", "numero": "081", "nome": "Universita' Bocconi 2 - Bach", "tipo": "Monofacciale", "stalli": "30", "sede": "Marciapiede", "id_via": "4203", "indirizzo": "VIALE GIOVANNI SEBASTIANO BACH", "civico": null, "zd_attuale": "5", "anno": "2009" }, "geometry": { "type": "Point", "coordinates": [ 9.190909071789125, 45.448279243751479 ] } },
{ "type": "Feature", "properties": { "id_amat": 87, "stato": "attiva", "numero": "082", "nome": "Dell'Umanitaria", "tipo": "Monofacciale", "stalli": "24", "sede": "Carreggiata", "id_via": "3148", "indirizzo": "PIAZZA UMANITARIA", "civico": null, "zd_attuale": "1", "anno": "2009" }, "geometry": { "type": "Point", "coordinates": [ 9.200629496375317, 45.458159205421268 ] } },
{ "type": "Feature", "properties": { "id_amat": 89, "stato": "attiva", "numero": "083", "nome": "Rastrelli - Pecorari", "tipo": "Monofacciale", "stalli": "24", "sede": "Carreggiata", "id_via": "324", "indirizzo": "VIA RASTRELLI", "civico": null, "zd_attuale": "1", "anno": "2009" }, "geometry": { "type": "Point", "coordinates": [ 9.191042418135332, 45.46235582381285 ] } },
{ "type": "Feature", "properties": { "id_amat": 90, "stato": "attiva", "numero": "084", "nome": "Cadorna 2", "tipo": "Monofacciale", "stalli": "24", "sede": "Marciapiede", "id_via": "706", "indirizzo": "VIA PIETRO PALEOCAPA", "civico": null, "zd_attuale": "1", "anno": "2009" }, "geometry": { "type": "Point", "coordinates": [ 9.176161792703498, 45.469043589655897 ] } },
{ "type": "Feature", "properties": { "id_amat": 91, "stato": "attiva", "numero": "085", "nome": "D'Ancona", "tipo": "Monofacciale", "stalli": "21", "sede": "Carreggiata", "id_via": "645", "indirizzo": "VIA BERNARDINO BUTTINONE", "civico": null, "zd_attuale": "1", "anno": "2009" }, "geometry": { "type": "Point", "coordinates": [ 9.175806483389396, 45.465702722017951 ] } },
{ "type": "Feature", "properties": { "id_amat": 92, "stato": "attiva", "numero": "086", "nome": "Mascagni", "tipo": "Bifacciale", "stalli": "24", "sede": "Marciapiede", "id_via": "3034", "indirizzo": "VIA VINCENZO BELLINI - INTERSEZIONE VIA CONSERVATORIO", "civico": null, "zd_attuale": "1", "anno": "2009" }, "geometry": { "type": "Point", "coordinates": [ 9.203115444383762, 45.465397078992218 ] } },
{ "type": "Feature", "properties": { "id_amat": 93, "stato": "attiva", "numero": "087", "nome": "Porta Genova", "tipo": "Monofacciale", "stalli": "27", "sede": "Carreggiata", "id_via": "5120", "indirizzo": "PIAZZALE STAZIONE GENOVA", "civico": null, "zd_attuale": "6", "anno": "2012" }, "geometry": { "type": "Point", "coordinates": [ 9.169638519756681, 45.452907382235047 ] } },
{ "type": "Feature", "properties": { "id_amat": 94, "stato": "attiva", "numero": "088", "nome": "Beatrice d'Este - Cassolo", "tipo": "Monofacciale", "stalli": "24", "sede": "Marciapiede", "id_via": "4038", "indirizzo": "VIALE ANGELO FILIPPETTI", "civico": null, "zd_attuale": "1", "anno": "2009" }, "geometry": { "type": "Point", "coordinates": [ 9.197566326376908, 45.452228145352215 ] } },
{ "type": "Feature", "properties": { "id_amat": 95, "stato": "attiva", "numero": "089", "nome": "Patellani", "tipo": "Bifacciale", "stalli": "24", "sede": "Carreggiata", "id_via": "4009", "indirizzo": "VIA CARLO PATELLANI - INTERSEZIONE VIA BEATRICE D'ESTE", "civico": "36", "zd_attuale": "5", "anno": "2009" }, "geometry": { "type": "Point", "coordinates": [ 9.194152437147959, 45.451666306525723 ] } },
{ "type": "Feature", "properties": { "id_amat": 96, "stato": "attiva", "numero": "090", "nome": "Gioia - Vespucci", "tipo": "Bifacciale", "stalli": "24", "sede": "Marciapiede", "id_via": "1108", "indirizzo": "VIA MELCHIORRE GIOIA", "civico": null, "zd_attuale": "9", "anno": null }, "geometry": { "type": "Point", "coordinates": [ 9.19167000740838, 45.481392721947081 ] } },
{ "type": "Feature", "properties": { "id_amat": 97, "stato": "attiva", "numero": "091", "nome": "Gioia - Pirelli", "tipo": "Bifacciale", "stalli": "24", "sede": "Marciapiede", "id_via": "1195", "indirizzo": "VIA GIOVANNI BATTISTA PIRELLI - INTERSEZIONE PIAZZA LUIGI EINAUDI", "civico": null, "zd_attuale": "9", "anno": "2009" }, "geometry": { "type": "Point", "coordinates": [ 9.195902455633362, 45.484042757612229 ] } },
{ "type": "Feature", "properties": { "id_amat": 98, "stato": "attiva", "numero": "092", "nome": "Cordusio - Casati", "tipo": "Monofacciale", "stalli": "30", "sede": "Carreggiata", "id_via": "625", "indirizzo": "VIA GABRIO CASATI", "civico": null, "zd_attuale": "1", "anno": "2009" }, "geometry": { "type": "Point", "coordinates": [ 9.185506510643684, 45.465485496816399 ] } },
{ "type": "Feature", "properties": { "id_amat": 99, "stato": "attiva", "numero": "093", "nome": "Borgogna", "tipo": "Monofacciale", "stalli": "30", "sede": "Carreggiata", "id_via": "301", "indirizzo": "VIA BORGOGNA", "civico": "7", "zd_attuale": "1", "anno": "2009" }, "geometry": { "type": "Point", "coordinates": [ 9.199786616869414, 45.465844049863996 ] } },
{ "type": "Feature", "properties": { "id_amat": 100, "stato": "attiva", "numero": "094", "nome": "Cadorna 3", "tipo": "Bifacciale", "stalli": "30", "sede": "Marciapiede", "id_via": "601", "indirizzo": "PIAZZALE LUIGI CADORNA", "civico": null, "zd_attuale": "1", "anno": "2012" }, "geometry": { "type": "Point", "coordinates": [ 9.176262780830248, 45.468071099371876 ] } },
{ "type": "Feature", "properties": { "id_amat": 101, "stato": "attiva", "numero": "095", "nome": "De Amicis - Conca Del Naviglio", "tipo": "Monofacciale", "stalli": "21", "sede": "Marciapiede", "id_via": "574", "indirizzo": "VIA EDMONDO DE AMICIS", "civico": "23", "zd_attuale": "1", "anno": "2009" }, "geometry": { "type": "Point", "coordinates": [ 9.178649094358306, 45.458284486447326 ] } },
{ "type": "Feature", "properties": { "id_amat": 103, "stato": "attiva", "numero": "096", "nome": "Donizzetti \"Provincia\"", "tipo": "Monofacciale", "stalli": "24", "sede": "Carreggiata", "id_via": "3030", "indirizzo": "VIA GAETANO DONIZETTI", "civico": null, "zd_attuale": "1", "anno": "2009" }, "geometry": { "type": "Point", "coordinates": [ 9.204456466881428, 45.467335537689856 ] } },
{ "type": "Feature", "properties": { "id_amat": 105, "stato": "attiva", "numero": "097", "nome": "Molino delle Armi", "tipo": "Monofacciale", "stalli": "30", "sede": "Marciapiede", "id_via": "591", "indirizzo": "VIA MOLINO DELLE ARMI", "civico": null, "zd_attuale": "1", "anno": "2009" }, "geometry": { "type": "Point", "coordinates": [ 9.182327954323036, 45.456994155802278 ] } },
{ "type": "Feature", "properties": { "id_amat": 106, "stato": "attiva", "numero": "098", "nome": "San Marco", "tipo": "Monofacciale", "stalli": "24", "sede": "Carreggiata", "id_via": "1036", "indirizzo": "VIA SAN MARCO", "civico": null, "zd_attuale": "1", "anno": "2009" }, "geometry": { "type": "Point", "coordinates": [ 9.189236648396827, 45.478768730019567 ] } },
{ "type": "Feature", "properties": { "id_amat": 107, "stato": "attiva", "numero": "099", "nome": "Arco della Pace 1 - Bertani", "tipo": "Monofacciale", "stalli": "24", "sede": "Marciapiede", "id_via": "7112", "indirizzo": "VIA AGOSTINO BERTANI", "civico": null, "zd_attuale": "1", "anno": "2009" }, "geometry": { "type": "Point", "coordinates": [ 9.173448947562845, 45.476200162033763 ] } },
{ "type": "Feature", "properties": { "id_amat": 108, "stato": "attiva", "numero": "100", "nome": "Palazzo Marino - Caserotte", "tipo": "Monofacciale", "stalli": "36", "sede": "Carreggiata", "id_via": "197", "indirizzo": "LARGO RAFFAELE MATTIOLI", "civico": null, "zd_attuale": "1", "anno": "2012" }, "geometry": { "type": "Point", "coordinates": [ 9.191349344684767, 45.466766033414352 ] } },
{ "type": "Feature", "properties": { "id_amat": 109, "stato": "attiva", "numero": "101", "nome": "Gadio - Paleocapa", "tipo": "Monofacciale", "stalli": "30", "sede": "Marciapiede", "id_via": "7098", "indirizzo": "VIALE GADIO", "civico": null, "zd_attuale": "1", "anno": "2009" }, "geometry": { "type": "Point", "coordinates": [ 9.175636615335579, 45.470086094851318 ] } },
{ "type": "Feature", "properties": { "id_amat": 110, "stato": "attiva", "numero": "102", "nome": "Arcivescovado", "tipo": "Monofacciale", "stalli": "24", "sede": "Carreggiata", "id_via": "364", "indirizzo": "VIA CARLO MARIA MARTINI", "civico": null, "zd_attuale": "1", "anno": "2009" }, "geometry": { "type": "Point", "coordinates": [ 9.193153087856418, 45.463794181256567 ] } },
{ "type": "Feature", "properties": { "id_amat": 111, "stato": "attiva", "numero": "103", "nome": "Arco della Pace 2 - Pagano", "tipo": "Monofacciale", "stalli": "24", "sede": "Marciapiede", "id_via": "7111", "indirizzo": "PIAZZA SEMPIONE - INTERSEZIONE VIA MARIO PAGANO", "civico": null, "zd_attuale": "1", "anno": "2009" }, "geometry": { "type": "Point", "coordinates": [ 9.171656117107739, 45.475036032083175 ] } },
{ "type": "Feature", "properties": { "id_amat": 112, "stato": "attiva", "numero": "104", "nome": "M. Gioia - \"Regione\"", "tipo": "Monofacciale", "stalli": "36", "sede": "Carreggiata", "id_via": "1108", "indirizzo": "VIA MELCHIORRE GIOIA", "civico": "1", "zd_attuale": "9", "anno": "2011" }, "geometry": { "type": "Point", "coordinates": [ 9.19680009901588, 45.486156431759454 ] } },
{ "type": "Feature", "properties": { "id_amat": 113, "stato": "attiva", "numero": "105", "nome": "Piazzale Lodi", "tipo": "Monofacciale", "stalli": "33", "sede": "Marciapiede", "id_via": "4249", "indirizzo": "PIAZZALE LODI - INTERSEZIONE CORSO LODI", "civico": null, "zd_attuale": "4", "anno": "2011" }, "geometry": { "type": "Point", "coordinates": [ 9.209905983366617, 45.447748562986675 ] } },
{ "type": "Feature", "properties": { "id_amat": 114, "stato": "attiva", "numero": "106", "nome": "Restelli - Galvani RL 1", "tipo": "Bifacciale", "stalli": "36", "sede": "Marciapiede", "id_via": "1163", "indirizzo": "VIALE FRANCESCO RESTELLI", "civico": null, "zd_attuale": "9", "anno": "2012" }, "geometry": { "type": "Point", "coordinates": [ 9.194633674315218, 45.487306342131468 ] } },
{ "type": "Feature", "properties": { "id_amat": 115, "stato": "attiva", "numero": "107", "nome": "S. Gioachimo", "tipo": "Monofacciale", "stalli": "39", "sede": "Marciapiede", "id_via": "1102", "indirizzo": "VIA GALILEO GALILEI", "civico": null, "zd_attuale": "9", "anno": "2012" }, "geometry": { "type": "Point", "coordinates": [ 9.197010449403594, 45.480876169607157 ] } },
{ "type": "Feature", "properties": { "id_amat": 116, "stato": "attiva", "numero": "108", "nome": "Tunisia - Cozzi", "tipo": "Monofacciale", "stalli": "27", "sede": "Marciapiede", "id_via": "2121", "indirizzo": "VIALE TUNISIA", "civico": null, "zd_attuale": "2", "anno": "2011" }, "geometry": { "type": "Point", "coordinates": [ 9.201576058276512, 45.478965424446876 ] } },
{ "type": "Feature", "properties": { "id_amat": 117, "stato": "attiva", "numero": "109", "nome": "Tunisia Lecco Bellintani", "tipo": "Monofacciale", "stalli": "30", "sede": "Marciapiede", "id_via": "2124", "indirizzo": "LARGO FRA PAOLO BELLINTANI", "civico": null, "zd_attuale": "3", "anno": "2013" }, "geometry": { "type": "Point", "coordinates": [ 9.20475566650323, 45.477460928535535 ] } },
{ "type": "Feature", "properties": { "id_amat": 118, "stato": "attiva", "numero": "110", "nome": "S. F. Romana", "tipo": "Monofacciale", "stalli": "36", "sede": "Marciapiede", "id_via": "2183", "indirizzo": "PIAZZA SANTA FRANCESCA ROMANA", "civico": null, "zd_attuale": "3", "anno": "2012" }, "geometry": { "type": "Point", "coordinates": [ 9.208494775863249, 45.476338203109087 ] } },
{ "type": "Feature", "properties": { "id_amat": 119, "stato": "attiva", "numero": "111", "nome": "B. Marcello - Boscovich", "tipo": "Monofacciale", "stalli": "36", "sede": "Marciapiede", "id_via": "2128", "indirizzo": "VIA BENEDETTO MARCELLO - INTERSEZIONE VIA RUGGERO BOSCOVICH", "civico": null, "zd_attuale": "3", "anno": "2013" }, "geometry": { "type": "Point", "coordinates": [ 9.207552177128784, 45.480221608342838 ] } },
{ "type": "Feature", "properties": { "id_amat": 120, "stato": "attiva", "numero": "112", "nome": "Napo Torriani De Lellis", "tipo": "Monofacciale", "stalli": "27", "sede": "Carreggiata", "id_via": "2126", "indirizzo": "VIA NAPO TORRIANI", "civico": null, "zd_attuale": "2", "anno": "2011" }, "geometry": { "type": "Point", "coordinates": [ 9.203226540091697, 45.482535449604683 ] } },
{ "type": "Feature", "properties": { "id_amat": 121, "stato": "attiva", "numero": "113", "nome": "Buenos Aires - Lima", "tipo": "Bifacciale", "stalli": "24", "sede": "Marciapiede", "id_via": "2135", "indirizzo": "PIAZZA LIMA", "civico": null, "zd_attuale": "3", "anno": "2012" }, "geometry": { "type": "Point", "coordinates": [ 9.211366416146586, 45.480369750653864 ] } },
{ "type": "Feature", "properties": { "id_amat": 122, "stato": "attiva", "numero": "114", "nome": "Buenos Aires - Argentina", "tipo": "Bifacciale", "stalli": "36", "sede": "Marciapiede", "id_via": "2233", "indirizzo": "PIAZZA ARGENTINA", "civico": null, "zd_attuale": "3", "anno": "2012" }, "geometry": { "type": "Point", "coordinates": [ 9.214765034326337, 45.48381377547085 ] } },
{ "type": "Feature", "properties": { "id_amat": 123, "stato": "attiva", "numero": "115", "nome": "Caiazzo", "tipo": "Bifacciale", "stalli": "36", "sede": "Marciapiede", "id_via": "2259", "indirizzo": "PIAZZA CAIAZZO", "civico": null, "zd_attuale": "2", "anno": "2013" }, "geometry": { "type": "Point", "coordinates": [ 9.209141888000206, 45.485254474616632 ] } },
{ "type": "Feature", "properties": { "id_amat": 124, "stato": "attiva", "numero": "116", "nome": "Morgagni - Redi", "tipo": "Monofacciale", "stalli": "24", "sede": "Carreggiata", "id_via": "2149", "indirizzo": "VIA FRANCESCO REDI - INTERSEZIONE VIA GIOVANNI BATTISTA MORGAGNI", "civico": null, "zd_attuale": "3", "anno": "2012" }, "geometry": { "type": "Point", "coordinates": [ 9.211879645937888, 45.477850743724957 ] } },
{ "type": "Feature", "properties": { "id_amat": 125, "stato": "attiva", "numero": "117", "nome": "Bacone - Monteverdi", "tipo": "Monofacciale", "stalli": "36", "sede": "Marciapiede", "id_via": "2237", "indirizzo": "VIA CLAUDIO MONTEVERDI - INTERSEZIONE PIAZZALE BACONE", "civico": null, "zd_attuale": "3", "anno": "2013" }, "geometry": { "type": "Point", "coordinates": [ 9.214935051139884, 45.481473385321962 ] } },
{ "type": "Feature", "properties": { "id_amat": 126, "stato": "attiva", "numero": "118", "nome": "VIII novembre - Ramazzini", "tipo": "Monofacciale", "stalli": "36", "sede": "Carreggiata", "id_via": "2161", "indirizzo": "VIA BERNARDINO RAMAZZINI - INTERSEZIONE PIAZZA OTTO NOVEMBRE", "civico": null, "zd_attuale": "3", "anno": "2012" }, "geometry": { "type": "Point", "coordinates": [ 9.211157807557422, 45.475097897030928 ] } },
{ "type": "Feature", "properties": { "id_amat": 127, "stato": "attiva", "numero": "119", "nome": "Settembrini - Vitruvio", "tipo": "Monofacciale", "stalli": "33", "sede": "Carreggiata", "id_via": "2127", "indirizzo": "VIA LUIGI SETTEMBRINI", "civico": null, "zd_attuale": "3", "anno": "2012" }, "geometry": { "type": "Point", "coordinates": [ 9.206911904099599, 45.482554103404183 ] } },
{ "type": "Feature", "properties": { "id_amat": 128, "stato": "attiva", "numero": "120", "nome": "F. Filzi", "tipo": "Monofacciale", "stalli": "30", "sede": "Marciapiede", "id_via": "1190", "indirizzo": "VIA FABIO FILZI", "civico": "20", "zd_attuale": "2", "anno": "2011" }, "geometry": { "type": "Point", "coordinates": [ 9.200423217715462, 45.484453792271438 ] } },
{ "type": "Feature", "properties": { "id_amat": 129, "stato": "attiva", "numero": "121", "nome": "Melchiorre Gioia - Galvani", "tipo": "Monofacciale", "stalli": "27", "sede": "Marciapiede", "id_via": "1108", "indirizzo": "VIA MELCHIORRE GIOIA - INTERSEZIONE VIA LUIGI GALVANI", "civico": null, "zd_attuale": "9", "anno": "2013" }, "geometry": { "type": "Point", "coordinates": [ 9.197959364780051, 45.486693589127455 ] } },
{ "type": "Feature", "properties": { "id_amat": 130, "stato": "attiva", "numero": "122", "nome": "Bassini - Grossich", "tipo": "Monofacciale", "stalli": "36", "sede": "Marciapiede", "id_via": "2587", "indirizzo": "VIA EDOARDO BASSINI - INTERSEZIONE VIA ANTONIO GROSSICH", "civico": null, "zd_attuale": "3", "anno": "2014" }, "geometry": { "type": "Point", "coordinates": [ 9.234886267832717, 45.480941137921455 ] } },
{ "type": "Feature", "properties": { "id_amat": 131, "stato": "attiva", "numero": "123", "nome": "Castel Morrone - M.A. di Savoia", "tipo": "Monofacciale", "stalli": "36", "sede": "Marciapiede", "id_via": "3185", "indirizzo": "VIA CASTEL MORRONE", "civico": "35", "zd_attuale": "3", "anno": "2012" }, "geometry": { "type": "Point", "coordinates": [ 9.21457606056587, 45.472579499965818 ] } },
{ "type": "Feature", "properties": { "id_amat": 132, "stato": "attiva", "numero": "124", "nome": "Porta Venezia 2", "tipo": "Monofacciale", "stalli": "36", "sede": "Marciapiede", "id_via": "2108", "indirizzo": "PIAZZA GUGLIELMO OBERDAN", "civico": null, "zd_attuale": "3", "anno": "2012" }, "geometry": { "type": "Point", "coordinates": [ 9.205117344455848, 45.475074100086502 ] } },
{ "type": "Feature", "properties": { "id_amat": 133, "stato": "attiva", "numero": "125", "nome": "Fratelli Bandiera", "tipo": "Monofacciale", "stalli": "36", "sede": "Marciapiede", "id_via": "3182", "indirizzo": "PIAZZA FRATELLI BANDIERA", "civico": "2", "zd_attuale": "3", "anno": "2012" }, "geometry": { "type": "Point", "coordinates": [ 9.210539129311897, 45.470545514657367 ] } },
{ "type": "Feature", "properties": { "id_amat": 134, "stato": "attiva", "numero": "126", "nome": "Modena - Castel Morrone", "tipo": "Monofacciale", "stalli": "36", "sede": "Carreggiata", "id_via": "3122", "indirizzo": "VIA GUSTAVO MODENA", "civico": "15", "zd_attuale": "3", "anno": "2012" }, "geometry": { "type": "Point", "coordinates": [ 9.214245280119709, 45.470856700981223 ] } },
{ "type": "Feature", "properties": { "id_amat": 135, "stato": "attiva", "numero": "127", "nome": "Risorgimento", "tipo": "Monofacciale", "stalli": "36", "sede": "Marciapiede", "id_via": "3117", "indirizzo": "PIAZZA RISORGIMENTO", "civico": null, "zd_attuale": "3", "anno": "2012" }, "geometry": { "type": "Point", "coordinates": [ 9.210778669646682, 45.468159423185867 ] } },
{ "type": "Feature", "properties": { "id_amat": 136, "stato": "attiva", "numero": "128", "nome": "Indipendenza - Castel Morrone", "tipo": "Monofacciale", "stalli": "36", "sede": "Carreggiata", "id_via": "3118", "indirizzo": "CORSO INDIPENDENZA - INTERSEZIONE VIA CASTEL MORRONE", "civico": null, "zd_attuale": "3", "anno": "2012" }, "geometry": { "type": "Point", "coordinates": [ 9.214342942182045, 45.468279792944742 ] } },
{ "type": "Feature", "properties": { "id_amat": 137, "stato": "attiva", "numero": "129", "nome": "Fiamma", "tipo": "Monofacciale", "stalli": "36", "sede": "Carreggiata", "id_via": "3079", "indirizzo": "VIA GALVANO FIAMMA", "civico": "18", "zd_attuale": "4", "anno": "2012" }, "geometry": { "type": "Point", "coordinates": [ 9.211379429969096, 45.464603663578956 ] } },
{ "type": "Feature", "properties": { "id_amat": 138, "stato": "attiva", "numero": "130", "nome": "XXII Marzo", "tipo": "Monofacciale", "stalli": "36", "sede": "Marciapiede", "id_via": "3074", "indirizzo": "CORSO VENTIDUE MARZO", "civico": null, "zd_attuale": "4", "anno": "2011" }, "geometry": { "type": "Point", "coordinates": [ 9.212473928037932, 45.462158714339722 ] } },
{ "type": "Feature", "properties": { "id_amat": 139, "stato": "attiva", "numero": "131", "nome": "Emilia - Piceno", "tipo": "Monofacciale", "stalli": "36", "sede": "Carreggiata", "id_via": "3113", "indirizzo": "PIAZZA EMILIA - INTERSEZIONE CORSO VENTIDUE MARZO", "civico": "1", "zd_attuale": "4", "anno": "2012" }, "geometry": { "type": "Point", "coordinates": [ 9.216068530836296, 45.462508728681556 ] } },
{ "type": "Feature", "properties": { "id_amat": 140, "stato": "attiva", "numero": "132", "nome": "Bronzetti - Archimede", "tipo": "Monofacciale", "stalli": "36", "sede": "Marciapiede", "id_via": "3089", "indirizzo": "VIA FRATELLI BRONZETTI - INTERSEZIONE VIA ARCHIMEDE", "civico": "20", "zd_attuale": "4", "anno": "2012" }, "geometry": { "type": "Point", "coordinates": [ 9.214582613231032, 45.465325065597625 ] } },
{ "type": "Feature", "properties": { "id_amat": 141, "stato": "attiva", "numero": "133", "nome": "Dateo", "tipo": "Bifacciale", "stalli": "36", "sede": "Marciapiede", "id_via": "3119", "indirizzo": "PIAZZALE DATEO", "civico": null, "zd_attuale": "3", "anno": "2012" }, "geometry": { "type": "Point", "coordinates": [ 9.216655489832874, 45.46844806278645 ] } },
{ "type": "Feature", "properties": { "id_amat": 142, "stato": "attiva", "numero": "134", "nome": "Teodosio - Porpora", "tipo": "Monofacciale", "stalli": "30", "sede": "Marciapiede", "id_via": "2550", "indirizzo": "VIA TEODOSIO - INTERSEZIONE VIA NICOLA ANTONIO PORPORA", "civico": "52", "zd_attuale": "3", "anno": "2016" }, "geometry": { "type": "Point", "coordinates": [ 9.230021971395114, 45.486365179437264 ] } },
{ "type": "Feature", "properties": { "id_amat": 143, "stato": "attiva", "numero": "135", "nome": "Muratori - Umbria", "tipo": "Monofacciale", "stalli": "30", "sede": "Marciapiede", "id_via": "4076", "indirizzo": "VIA LODOVICO MURATORI - INTERSEZIONE VIALE UMBRIA", "civico": null, "zd_attuale": "4", "anno": "2013" }, "geometry": { "type": "Point", "coordinates": [ 9.212332427003339, 45.450855165190227 ] } },
{ "type": "Feature", "properties": { "id_amat": 144, "stato": "attiva", "numero": "136", "nome": "Monte Nero - Spartaco", "tipo": "Monofacciale", "stalli": "27", "sede": "Marciapiede", "id_via": "3062", "indirizzo": "VIALE MONTE NERO", "civico": null, "zd_attuale": "4", "anno": "2011" }, "geometry": { "type": "Point", "coordinates": [ 9.207674338139615, 45.460141934321953 ] } },
{ "type": "Feature", "properties": { "id_amat": 145, "stato": "attiva", "numero": "137", "nome": "Sempione - RAI", "tipo": "Monofacciale", "stalli": "36", "sede": "Carreggiata", "id_via": "7137", "indirizzo": "CORSO SEMPIONE", "civico": null, "zd_attuale": "8", "anno": "2012" }, "geometry": { "type": "Point", "coordinates": [ 9.166725188458837, 45.47947710629343 ] } },
{ "type": "Feature", "properties": { "id_amat": 146, "stato": "attiva", "numero": "138", "nome": "Cadore - Pinaroli", "tipo": "Bifacciale", "stalli": "36", "sede": "Marciapiede", "id_via": "3077", "indirizzo": "VIA CADORE", "civico": null, "zd_attuale": "4", "anno": "2013" }, "geometry": { "type": "Point", "coordinates": [ 9.213132486924762, 45.458304688838268 ] } },
{ "type": "Feature", "properties": { "id_amat": 147, "stato": "attiva", "numero": "139", "nome": "Lazio - Vasari - Morosini", "tipo": "Monofacciale", "stalli": "30", "sede": "Marciapiede", "id_via": "4070", "indirizzo": "VIA GIORGIO VASARI - INTERSEZIONE VIALE LAZIO", "civico": null, "zd_attuale": "4", "anno": "2012" }, "geometry": { "type": "Point", "coordinates": [ 9.208046859490386, 45.455239545034104 ] } },
{ "type": "Feature", "properties": { "id_amat": 148, "stato": "attiva", "numero": "140", "nome": "Cirene - Friuli", "tipo": "Monofacciale", "stalli": "24", "sede": "Marciapiede", "id_via": "3199", "indirizzo": "VIA FRIULI - INTERSEZIONE VIALE CIRENE", "civico": null, "zd_attuale": "4", "anno": "2013" }, "geometry": { "type": "Point", "coordinates": [ 9.212481272086105, 45.453441380198988 ] } },
{ "type": "Feature", "properties": { "id_amat": 149, "stato": "attiva", "numero": "141", "nome": "Caldara - Curtatone", "tipo": "Bifacciale", "stalli": "24", "sede": "Marciapiede", "id_via": "4036", "indirizzo": "VIALE EMILIO CALDARA", "civico": null, "zd_attuale": "1", "anno": "2011" }, "geometry": { "type": "Point", "coordinates": [ 9.202932286630473, 45.455148324356479 ] } },
{ "type": "Feature", "properties": { "id_amat": 150, "stato": "attiva", "numero": "142", "nome": "Tiraboschi - Muratori", "tipo": "Monofacciale", "stalli": "27", "sede": "Marciapiede", "id_via": "4072", "indirizzo": "VIA GEROLAMO TIRABOSCHI", "civico": "4", "zd_attuale": "4", "anno": "2014" }, "geometry": { "type": "Point", "coordinates": [ 9.208689989178767, 45.452224397062999 ] } },
{ "type": "Feature", "properties": { "id_amat": 151, "stato": "attiva", "numero": "143", "nome": "Lodi - Papi", "tipo": "Monofacciale", "stalli": "21", "sede": "Marciapiede", "id_via": "4071", "indirizzo": "VIA LAZZARO PAPI", "civico": null, "zd_attuale": "4", "anno": "2011" }, "geometry": { "type": "Point", "coordinates": [ 9.206755293747424, 45.449961962555733 ] } },
{ "type": "Feature", "properties": { "id_amat": 152, "stato": "attiva", "numero": "144", "nome": "Brescia", "tipo": "Monofacciale", "stalli": "36", "sede": "Marciapiede", "id_via": "6554", "indirizzo": "PIAZZALE BRESCIA - INTERSEZIONE VIA ALESSANDRO MAGNASCO", "civico": null, "zd_attuale": "7", "anno": "2014" }, "geometry": { "type": "Point", "coordinates": [ 9.145425107028286, 45.471601123036343 ] } },
{ "type": "Feature", "properties": { "id_amat": 153, "stato": "attiva", "numero": "145", "nome": "Lombardia - Vallazze", "tipo": "Monofacciale", "stalli": "30", "sede": "Marciapiede", "id_via": "2400", "indirizzo": "VIALE LOMBARDIA - INTERSEZIONE VIA VALLAZZE", "civico": null, "zd_attuale": "3", "anno": "2014" }, "geometry": { "type": "Point", "coordinates": [ 9.223717027400419, 45.484121434969971 ] } },
{ "type": "Feature", "properties": { "id_amat": 154, "stato": "attiva", "numero": "146", "nome": "Crema - Giulio Romano", "tipo": "Bifacciale", "stalli": "30", "sede": "Marciapiede", "id_via": "4061", "indirizzo": "VIA CREMA - INTERSEZIONE VIA TREBBIA", "civico": null, "zd_attuale": "5", "anno": "2013" }, "geometry": { "type": "Point", "coordinates": [ 9.202734775540453, 45.448063030025821 ] } },
{ "type": "Feature", "properties": { "id_amat": 155, "stato": "attiva", "numero": "147", "nome": "Ripamonti - Bellezza", "tipo": "Bifacciale", "stalli": "30", "sede": "Marciapiede", "id_via": "4066", "indirizzo": "VIA GIUSEPPE RIPAMONTI - INTERSEZIONE VIA GIOVANNI BELLEZZA", "civico": null, "zd_attuale": "5", "anno": "2012" }, "geometry": { "type": "Point", "coordinates": [ 9.197224446017675, 45.448804986214796 ] } },
{ "type": "Feature", "properties": { "id_amat": 156, "stato": "attiva", "numero": "148", "nome": "Bocconi 3 - I. Aragona", "tipo": "Monofacciale", "stalli": "33", "sede": "Marciapiede", "id_via": "4050", "indirizzo": "VIA FERDINANDO BOCCONI", "civico": null, "zd_attuale": "5", "anno": "2011" }, "geometry": { "type": "Point", "coordinates": [ 9.190541420354009, 45.451175234254727 ] } },
{ "type": "Feature", "properties": { "id_amat": 157, "stato": "attiva", "numero": "149", "nome": "Bonomelli", "tipo": "Monofacciale", "stalli": "36", "sede": "Marciapiede", "id_via": "4150", "indirizzo": "PIAZZA GEREMIA BONOMELLI", "civico": null, "zd_attuale": "5", "anno": "2015" }, "geometry": { "type": "Point", "coordinates": [ 9.213498170648286, 45.440655295646266 ] } },
{ "type": "Feature", "properties": { "id_amat": 158, "stato": "attiva", "numero": "150", "nome": "Sraffa", "tipo": "Monofacciale", "stalli": "36", "sede": "Marciapiede", "id_via": "4201", "indirizzo": "VIA GIAN CARLO CASTELBARCO - INTERSEZIONE VIA ODOARDO TABACCHI", "civico": null, "zd_attuale": "5", "anno": "2013" }, "geometry": { "type": "Point", "coordinates": [ 9.186069844599418, 45.448338121511171 ] } },
{ "type": "Feature", "properties": { "id_amat": 159, "stato": "attiva", "numero": "151", "nome": "Balilla - Tibaldi", "tipo": "Monofacciale", "stalli": "36", "sede": "Carreggiata", "id_via": "5207", "indirizzo": "VIA BALILLA - VIALE TIBALDI", "civico": null, "zd_attuale": "5", "anno": "2011" }, "geometry": { "type": "Point", "coordinates": [ 9.182642660800658, 45.444630703976486 ] } },
{ "type": "Feature", "properties": { "id_amat": 160, "stato": "attiva", "numero": "152", "nome": "San Gottardo - Gentilino", "tipo": "Monofacciale", "stalli": "36", "sede": "Carreggiata", "id_via": "5204", "indirizzo": "VIA GENTILINO", "civico": null, "zd_attuale": "5", "anno": "2013" }, "geometry": { "type": "Point", "coordinates": [ 9.180093940737043, 45.448916713391256 ] } },
{ "type": "Feature", "properties": { "id_amat": 161, "stato": "attiva", "numero": "153", "nome": "Segantini - Darwin", "tipo": "Monofacciale", "stalli": "36", "sede": "Marciapiede", "id_via": "5155", "indirizzo": "VIA GIOVANNI SEGANTINI - INTERSEZIONE VIA CARLO DARWIN", "civico": "24", "zd_attuale": "6", "anno": "2013" }, "geometry": { "type": "Point", "coordinates": [ 9.172744667776005, 45.445754377886821 ] } },
{ "type": "Feature", "properties": { "id_amat": 162, "stato": "attiva", "numero": "154", "nome": "Ascanio Sforza - Pavia", "tipo": "Monofacciale", "stalli": "36", "sede": "Marciapiede", "id_via": "5262", "indirizzo": "VIA PAVIA", "civico": null, "zd_attuale": "5", "anno": "2012" }, "geometry": { "type": "Point", "coordinates": [ 9.177492616815414, 45.44736501272687 ] } },
{ "type": "Feature", "properties": { "id_amat": 163, "stato": "attiva", "numero": "155", "nome": "Naviglio Pavese - Torricelli", "tipo": "Bifacciale", "stalli": "36", "sede": "Marciapiede", "id_via": "5201", "indirizzo": "VIA ASCANIO SFORZA - INTERSEZIONE VIA EVANGELISTA TORRICELLI", "civico": null, "zd_attuale": "5", "anno": "2013" }, "geometry": { "type": "Point", "coordinates": [ 9.176369918148771, 45.444208028293318 ] } },
{ "type": "Feature", "properties": { "id_amat": 164, "stato": "attiva", "numero": "156", "nome": "Arcole - Argelati", "tipo": "Bifacciale", "stalli": "36", "sede": "Marciapiede", "id_via": "5153", "indirizzo": "PIAZZA ARCOLE - INTERSEZIONE VIA GIOVANNI SEGANTINI", "civico": null, "zd_attuale": "6", "anno": "2013" }, "geometry": { "type": "Point", "coordinates": [ 9.172707012932701, 45.449636087983301 ] } },
{ "type": "Feature", "properties": { "id_amat": 165, "stato": "attiva", "numero": "157", "nome": "Roncaglia - Washington", "tipo": "Monofacciale", "stalli": "36", "sede": "Marciapiede", "id_via": "6122", "indirizzo": "VIA RONCAGLIA - INTERSEZIONE VIA GIORGIO WASHINGTON", "civico": null, "zd_attuale": "6", "anno": "2014" }, "geometry": { "type": "Point", "coordinates": [ 9.154348316739604, 45.458801869993358 ] } },
{ "type": "Feature", "properties": { "id_amat": 166, "stato": "attiva", "numero": "158", "nome": "Naviglio Grande - Valenza", "tipo": "Monofacciale", "stalli": "36", "sede": "Marciapiede", "id_via": "5150", "indirizzo": "RIPA DI PORTA TICINESE - FRONTE PARCO ROBERT BADEN-POWELL", "civico": null, "zd_attuale": "6", "anno": "2013" }, "geometry": { "type": "Point", "coordinates": [ 9.16745057414257, 45.449807184256436 ] } },
{ "type": "Feature", "properties": { "id_amat": 167, "stato": "attiva", "numero": "159", "nome": "Gorini - Strambio", "tipo": "Monofacciale", "stalli": "36", "sede": "Marciapiede", "id_via": "3168", "indirizzo": "VIA GAETANO STRAMBIO", "civico": "2-4", "zd_attuale": "3", "anno": "2014" }, "geometry": { "type": "Point", "coordinates": [ 9.23101716173389, 45.473388894900516 ] } },
{ "type": "Feature", "properties": { "id_amat": 168, "stato": "attiva", "numero": "160", "nome": "Zara M3", "tipo": "Monofacciale", "stalli": "36", "sede": "Carreggiata", "id_via": "1170", "indirizzo": "VIALE ZARA - INTERSEZIONE VIA FRANCESCO ARESE", "civico": "13", "zd_attuale": "9", "anno": "2012" }, "geometry": { "type": "Point", "coordinates": [ 9.191852663488019, 45.491493033401696 ] } },
{ "type": "Feature", "properties": { "id_amat": 169, "stato": "attiva", "numero": "161", "nome": "Coni Zugna - Solari", "tipo": "Monofacciale", "stalli": "36", "sede": "Marciapiede", "id_via": "5111", "indirizzo": "VIA ANDREA SOLARI", "civico": null, "zd_attuale": "6", "anno": "2012" }, "geometry": { "type": "Point", "coordinates": [ 9.167997935365714, 45.457065269479067 ] } },
{ "type": "Feature", "properties": { "id_amat": 170, "stato": "attiva", "numero": "162", "nome": "Piola", "tipo": "Monofacciale", "stalli": "36", "sede": "Marciapiede", "id_via": "2571", "indirizzo": "VIA GIOVANNI PACINI - INTERSEZIONE PIAZZA GABRIO PIOLA", "civico": null, "zd_attuale": "3", "anno": "2014" }, "geometry": { "type": "Point", "coordinates": [ 9.224650056527487, 45.480659894374746 ] } },
{ "type": "Feature", "properties": { "id_amat": 171, "stato": "attiva", "numero": "163", "nome": "Rosario", "tipo": "Monofacciale", "stalli": "36", "sede": "Marciapiede", "id_via": "5088", "indirizzo": "PIAZZA DEL ROSARIO", "civico": null, "zd_attuale": "6", "anno": "2012" }, "geometry": { "type": "Point", "coordinates": [ 9.162631809611565, 45.454882763688026 ] } },
{ "type": "Feature", "properties": { "id_amat": 172, "stato": "attiva", "numero": "164", "nome": "Bergognone - Tortona", "tipo": "Monofacciale", "stalli": "36", "sede": "Carreggiata", "id_via": "5004", "indirizzo": "LARGO DELLE CULTURE", "civico": null, "zd_attuale": "6", "anno": "2013" }, "geometry": { "type": "Point", "coordinates": [ 9.165067119396594, 45.452309769158944 ] } },
{ "type": "Feature", "properties": { "id_amat": 173, "stato": "attiva", "numero": "165", "nome": "Savona - Tolstoj", "tipo": "Monofacciale", "stalli": "36", "sede": "Marciapiede", "id_via": "5122", "indirizzo": "VIA SAVONA - INTERSEZIONE VIA LEONE TOLSTOI", "civico": null, "zd_attuale": "6", "anno": "2014" }, "geometry": { "type": "Point", "coordinates": [ 9.15121223991229, 45.450009668163375 ] } },
{ "type": "Feature", "properties": { "id_amat": 175, "stato": "attiva", "numero": "166", "nome": "Dezza - Caravaggio", "tipo": "Monofacciale", "stalli": "36", "sede": "Marciapiede", "id_via": "6103", "indirizzo": "VIA DEL CARAVAGGIO - INTERSEZIONE VIA GIUSEPPE DEZZA", "civico": null, "zd_attuale": "7", "anno": "2012" }, "geometry": { "type": "Point", "coordinates": [ 9.162736007885387, 45.459528490952366 ] } },
{ "type": "Feature", "properties": { "id_amat": 176, "stato": "attiva", "numero": "167", "nome": "Foppa - Caravaggio", "tipo": "Monofacciale", "stalli": "36", "sede": "Marciapiede", "id_via": "6109", "indirizzo": "VIA VINCENZO FOPPA", "civico": "17", "zd_attuale": "6", "anno": "2012" }, "geometry": { "type": "Point", "coordinates": [ 9.161944827733958, 45.458064641067971 ] } },
{ "type": "Feature", "properties": { "id_amat": 177, "stato": "attiva", "numero": "169", "nome": "Vesuvio - Lipari", "tipo": "Monofacciale", "stalli": "36", "sede": "Marciapiede", "id_via": "6110", "indirizzo": "PIAZZA VESUVIO - INTERSEZIONE VIA STROMBOLI", "civico": null, "zd_attuale": "7", "anno": "2013" }, "geometry": { "type": "Point", "coordinates": [ 9.159547437866076, 45.459401892168543 ] } },
{ "type": "Feature", "properties": { "id_amat": 178, "stato": "attiva", "numero": "170", "nome": "S. M. del Carso", "tipo": "Monofacciale", "stalli": "33", "sede": "Carreggiata", "id_via": "6200", "indirizzo": "VIA ANDREA VERGA", "civico": null, "zd_attuale": "7", "anno": "2011" }, "geometry": { "type": "Point", "coordinates": [ 9.163500670726444, 45.463448368090276 ] } },
{ "type": "Feature", "properties": { "id_amat": 179, "stato": "attiva", "numero": "171", "nome": "Elba - Cimarosa", "tipo": "Monofacciale", "stalli": "33", "sede": "Marciapiede", "id_via": "6243", "indirizzo": "VIA ELBA", "civico": "26", "zd_attuale": "7", "anno": "2012" }, "geometry": { "type": "Point", "coordinates": [ 9.157394631349936, 45.463255997589947 ] } },
{ "type": "Feature", "properties": { "id_amat": 180, "stato": "attiva", "numero": "172", "nome": "Napoli - Washington", "tipo": "Monofacciale", "stalli": "30", "sede": "Marciapiede", "id_via": "6094", "indirizzo": "VIA COLA DI RIENZO - INTERSEZIONE VIA WASHINGTON", "civico": null, "zd_attuale": "6", "anno": "2014" }, "geometry": { "type": "Point", "coordinates": [ 9.154789270679627, 45.454599721476463 ] } },
{ "type": "Feature", "properties": { "id_amat": 181, "stato": "attiva", "numero": "173", "nome": "Vercelli - Cherubini", "tipo": "Monofacciale", "stalli": "36", "sede": "Marciapiede", "id_via": "6192", "indirizzo": "VIA FRANCESCO CHERUBINI", "civico": "4", "zd_attuale": "7", "anno": "2012" }, "geometry": { "type": "Point", "coordinates": [ 9.159435428581684, 45.467010068101992 ] } },
{ "type": "Feature", "properties": { "id_amat": 182, "stato": "attiva", "numero": "174", "nome": "Vercelli - Piemonte", "tipo": "Bifacciale", "stalli": "36", "sede": "Marciapiede", "id_via": "6253", "indirizzo": "VIA MICHELANGELO BUONARROTI - INTERSEZIONE PIAZZA PIEMONTE", "civico": null, "zd_attuale": "7", "anno": "2013" }, "geometry": { "type": "Point", "coordinates": [ 9.155416244154994, 45.467084304929763 ] } },
{ "type": "Feature", "properties": { "id_amat": 183, "stato": "attiva", "numero": "175", "nome": "Pagano - Guido d'Arezzo", "tipo": "Bifacciale", "stalli": "36", "sede": "Marciapiede", "id_via": "6088", "indirizzo": "VIA MARIO PAGANO - INTERSEZIONE VIA DEL BURCHIELLO", "civico": null, "zd_attuale": "7", "anno": "2011" }, "geometry": { "type": "Point", "coordinates": [ 9.160470425418174, 45.468184998211882 ] } },
{ "type": "Feature", "properties": { "id_amat": 184, "stato": "attiva", "numero": "176", "nome": "Buonarroti", "tipo": "Bifacciale", "stalli": "36", "sede": "Marciapiede", "id_via": "6253", "indirizzo": "VIA MICHELANGELO BUONARROTI - INTERSEZIONE PIAZZA MICHELANGELO BUONARROTI", "civico": null, "zd_attuale": "8", "anno": "2013" }, "geometry": { "type": "Point", "coordinates": [ 9.155417580833774, 45.470830970099932 ] } },
{ "type": "Feature", "properties": { "id_amat": 186, "stato": "attiva", "numero": "178", "nome": "V Alpini", "tipo": "Monofacciale", "stalli": "30", "sede": "Marciapiede", "id_via": "6346", "indirizzo": "LARGO QUINTO ALPINI", "civico": null, "zd_attuale": "1", "anno": "2012" }, "geometry": { "type": "Point", "coordinates": [ 9.1678075738559, 45.472245388672683 ] } },
{ "type": "Feature", "properties": { "id_amat": 187, "stato": "attiva", "numero": "179", "nome": "Giovanni XXIII", "tipo": "Bifacciale", "stalli": "36", "sede": "Marciapiede", "id_via": "6155", "indirizzo": "VIA VINCENZO MONTI - INTERSEZIONE PIAZZA GIOVANNI XXIII", "civico": null, "zd_attuale": "8", "anno": "2012" }, "geometry": { "type": "Point", "coordinates": [ 9.164187624067045, 45.474930035164626 ] } },
{ "type": "Feature", "properties": { "id_amat": 188, "stato": "attiva", "numero": "180", "nome": "Canova - Sangiorgio", "tipo": "Monofacciale", "stalli": "30", "sede": "Marciapiede", "id_via": "7238", "indirizzo": "VIA ANTONIO CANOVA", "civico": "19", "zd_attuale": "1", "anno": "2012" }, "geometry": { "type": "Point", "coordinates": [ 9.168357659543748, 45.475317629676887 ] } },
{ "type": "Feature", "properties": { "id_amat": 189, "stato": "attiva", "numero": "181", "nome": "Sempione - Melzi d'Eril", "tipo": "Monofacciale", "stalli": "27", "sede": "Marciapiede", "id_via": "7137", "indirizzo": "CORSO SEMPIONE", "civico": null, "zd_attuale": "1", "anno": "2012" }, "geometry": { "type": "Point", "coordinates": [ 9.169728696907242, 45.477811607301952 ] } },
{ "type": "Feature", "properties": { "id_amat": 190, "stato": "attiva", "numero": "182", "nome": "Melzi d'Eril - Cagnola", "tipo": "Monofacciale", "stalli": "36", "sede": "Marciapiede", "id_via": "7118", "indirizzo": "VIA FRANCESCO MELZI D'ERIL", "civico": null, "zd_attuale": "1", "anno": "2012" }, "geometry": { "type": "Point", "coordinates": [ 9.1729192599537, 45.478308425467269 ] } },
{ "type": "Feature", "properties": { "id_amat": 191, "stato": "attiva", "numero": "183", "nome": "Domodossola FNM - Filelfo", "tipo": "Bifacciale", "stalli": "36", "sede": "Marciapiede", "id_via": "7154", "indirizzo": "VIA FRANCESCO FILELFO - INTERSEZIONE VIA TREBAZIO", "civico": null, "zd_attuale": "8", "anno": "2015" }, "geometry": { "type": "Point", "coordinates": [ 9.162848881711128, 45.48038559536058 ] } },
{ "type": "Feature", "properties": { "id_amat": 192, "stato": "attiva", "numero": "184", "nome": "Porta Volta", "tipo": "Monofacciale", "stalli": "33", "sede": "Marciapiede", "id_via": "1066", "indirizzo": "BASTIONI DI PORTA VOLTA", "civico": null, "zd_attuale": "1", "anno": "2011" }, "geometry": { "type": "Point", "coordinates": [ 9.182264243666321, 45.48007280316925 ] } },
{ "type": "Feature", "properties": { "id_amat": 193, "stato": "attiva", "numero": "185", "nome": "Santissima Trinita'", "tipo": "Monofacciale", "stalli": "35", "sede": "Marciapiede", "id_via": "7121", "indirizzo": "VIA LUIGI CANONICA - INTERSEZIONE VIA CESARE CESARIANO", "civico": null, "zd_attuale": "1", "anno": "2012" }, "geometry": { "type": "Point", "coordinates": [ 9.176329098054847, 45.478087984497336 ] } },
{ "type": "Feature", "properties": { "id_amat": 194, "stato": "attiva", "numero": "186", "nome": "Procaccini - Gramsci", "tipo": "Bifacciale", "stalli": "36", "sede": "Marciapiede", "id_via": "7205", "indirizzo": "PIAZZA ANTONIO GRAMSCI - LATO VIA GIULIO CESARE PROCACCINI", "civico": "14", "zd_attuale": "8", "anno": "2014" }, "geometry": { "type": "Point", "coordinates": [ 9.168344980318246, 45.481977390808147 ] } },
{ "type": "Feature", "properties": { "id_amat": 195, "stato": "attiva", "numero": "187", "nome": "Sarpi - Albertini", "tipo": "Bifacciale", "stalli": "24", "sede": "Marciapiede", "id_via": "7377", "indirizzo": "VIA ALFREDO ALBERTINI", "civico": null, "zd_attuale": "8", "anno": "2011" }, "geometry": { "type": "Point", "coordinates": [ 9.172265132444977, 45.481003752923954 ] } },
{ "type": "Feature", "properties": { "id_amat": 196, "stato": "attiva", "numero": "188", "nome": "Sarpi - Niccolini", "tipo": "Monofacciale", "stalli": "24", "sede": "Marciapiede", "id_via": "7210", "indirizzo": "VIA PAOLO SARPI", "civico": null, "zd_attuale": "8", "anno": "2011" }, "geometry": { "type": "Point", "coordinates": [ 9.178149817997614, 45.481636177510381 ] } },
{ "type": "Feature", "properties": { "id_amat": 197, "stato": "attiva", "numero": "189", "nome": "Procaccini - Cimitero Monumentale", "tipo": "Monofacciale", "stalli": "36", "sede": "Marciapiede", "id_via": "7233", "indirizzo": "PIAZZALE CIMITERO MONUMENTALE - INTERSEZIONE VIA GIOVANNI BATTISTA NICCOLINI", "civico": null, "zd_attuale": "8", "anno": "2012" }, "geometry": { "type": "Point", "coordinates": [ 9.177200004607908, 45.483892936292612 ] } },
{ "type": "Feature", "properties": { "id_amat": 198, "stato": "attiva", "numero": "190", "nome": "Milizie - Tortona", "tipo": "Monofacciale", "stalli": "30", "sede": "Marciapiede", "id_via": "5142", "indirizzo": "PIAZZALE DELLE MILIZIE - INTERSEZIONE VIA TORTONA", "civico": null, "zd_attuale": "6", "anno": "2015" }, "geometry": { "type": "Point", "coordinates": [ 9.156112022843665, 45.450428216594496 ] } },
{ "type": "Feature", "properties": { "id_amat": 199, "stato": "attiva", "numero": "191", "nome": "Farini - Quadrio", "tipo": "Monofacciale", "stalli": "36", "sede": "Carreggiata", "id_via": "1115", "indirizzo": "VIA MAURIZIO QUADRIO - INTERSEZIONE VIA CARLO FARINI", "civico": null, "zd_attuale": "9", "anno": "2015" }, "geometry": { "type": "Point", "coordinates": [ 9.182111144606861, 45.483958332990134 ] } },
{ "type": "Feature", "properties": { "id_amat": 200, "stato": "attiva", "numero": "192", "nome": "Col di Lana - Col Moschin", "tipo": "Monofacciale", "stalli": "36", "sede": "Marciapiede", "id_via": "5211", "indirizzo": "VIA COL MOSCHIN - INTERSEZIONE VIALE COL DI LANA", "civico": null, "zd_attuale": "5", "anno": "2011" }, "geometry": { "type": "Point", "coordinates": [ 9.184554216886518, 45.451811605617316 ] } },
{ "type": "Feature", "properties": { "id_amat": 201, "stato": "attiva", "numero": "193", "nome": "Garibaldi - Pepe", "tipo": "Bifacciale", "stalli": "30", "sede": "Marciapiede", "id_via": "1126", "indirizzo": "VIA GUGLIELMO PEPE", "civico": null, "zd_attuale": "9", "anno": "2012" }, "geometry": { "type": "Point", "coordinates": [ 9.185046378228208, 45.486722910536557 ] } },
{ "type": "Feature", "properties": { "id_amat": 202, "stato": "attiva", "numero": "194", "nome": "Borsieri - Confalonieri", "tipo": "Monofacciale", "stalli": "36", "sede": "Carreggiata", "id_via": "1123", "indirizzo": "VIA GAETANO DE CASTILLIA", "civico": null, "zd_attuale": "9", "anno": "2012" }, "geometry": { "type": "Point", "coordinates": [ 9.188382539165588, 45.485424327735799 ] } },
{ "type": "Feature", "properties": { "id_amat": 203, "stato": "attiva", "numero": "195", "nome": "Pola RL", "tipo": "Monofacciale", "stalli": "27", "sede": "Marciapiede", "id_via": "1156", "indirizzo": "VIA POLA", "civico": "14", "zd_attuale": "2", "anno": "2012" }, "geometry": { "type": "Point", "coordinates": [ 9.193248659913721, 45.489100607572624 ] } },
{ "type": "Feature", "properties": { "id_amat": 204, "stato": "attiva", "numero": "196", "nome": "Lagosta", "tipo": "Monofacciale", "stalli": "36", "sede": "Marciapiede", "id_via": "1155", "indirizzo": "PIAZZALE LAGOSTA", "civico": null, "zd_attuale": "9", "anno": "2012" }, "geometry": { "type": "Point", "coordinates": [ 9.190846298910566, 45.489077674013934 ] } },
{ "type": "Feature", "properties": { "id_amat": 205, "stato": "attiva", "numero": "197", "nome": "Garibaldi - Sturzo", "tipo": "Monofacciale", "stalli": "30", "sede": "Marciapiede", "id_via": "1704", "indirizzo": "VIALE LUIGI STURZO", "civico": null, "zd_attuale": "9", "anno": "2016" }, "geometry": { "type": "Point", "coordinates": [ 9.188506361790056, 45.483813882775806 ] } },
{ "type": "Feature", "properties": { "id_amat": 207, "stato": "attiva", "numero": "199", "nome": "Galvani - Restelli - RL", "tipo": "Monofacciale", "stalli": "27", "sede": "Marciapiede", "id_via": "1179", "indirizzo": "VIA LUIGI GALVANI", "civico": null, "zd_attuale": "9", "anno": "2014" }, "geometry": { "type": "Point", "coordinates": [ 9.196687353271823, 45.487681778326376 ] } },
{ "type": "Feature", "properties": { "id_amat": 208, "stato": "attiva", "numero": "200", "nome": "P.zza Luigi di Savoia", "tipo": "Bifacciale", "stalli": "36", "sede": "Marciapiede", "id_via": "2260", "indirizzo": "PIAZZA LUIGI DI SAVOIA", "civico": null, "zd_attuale": "2", "anno": "2011" }, "geometry": { "type": "Point", "coordinates": [ 9.206197837454191, 45.484971309932249 ] } },
{ "type": "Feature", "properties": { "id_amat": 209, "stato": "attiva", "numero": "201", "nome": "IV Novembre", "tipo": "Monofacciale", "stalli": "36", "sede": "Marciapiede", "id_via": "1202", "indirizzo": "VIA GIOVANNI BATTISTA SAMMARTINI", "civico": null, "zd_attuale": "2", "anno": "2011" }, "geometry": { "type": "Point", "coordinates": [ 9.203739555625431, 45.487343606542886 ] } },
{ "type": "Feature", "properties": { "id_amat": 210, "stato": "attiva", "numero": "202", "nome": "Marche - Zara", "tipo": "Monofacciale", "stalli": "30", "sede": "Marciapiede", "id_via": "1360", "indirizzo": "VIALE MARCHE - INTERSEZIONE VIALE ZARA", "civico": null, "zd_attuale": "9", "anno": "2018" }, "geometry": { "type": "Point", "coordinates": [ 9.194028672643228, 45.495700693581639 ] } },
{ "type": "Feature", "properties": { "id_amat": 211, "stato": "attiva", "numero": "203", "nome": "Taramelli RL", "tipo": "Monofacciale", "stalli": "36", "sede": "Marciapiede", "id_via": "1164", "indirizzo": "VIA TORQUATO TARAMELLI", "civico": null, "zd_attuale": "2", "anno": "2012" }, "geometry": { "type": "Point", "coordinates": [ 9.193768910474597, 45.490657830895337 ] } },
{ "type": "Feature", "properties": { "id_amat": 212, "stato": "attiva", "numero": "204", "nome": "Valtellina - Farini", "tipo": "Bifacciale", "stalli": "36", "sede": "Marciapiede", "id_via": "1188", "indirizzo": "VIA VALTELLINA - INTERSEZIONE VIA DELLA BOSCAIOLA", "civico": "2", "zd_attuale": "9", "anno": "2015" }, "geometry": { "type": "Point", "coordinates": [ 9.182235281513972, 45.489049310019844 ] } },
{ "type": "Feature", "properties": { "id_amat": 213, "stato": "attiva", "numero": "205", "nome": "Teodosio - Pacini", "tipo": "Monofacciale", "stalli": "30", "sede": "Marciapiede", "id_via": "2550", "indirizzo": "VIA TEODOSIO - INTERSEZIONE VIA GIOVANNI PACINI", "civico": null, "zd_attuale": "3", "anno": "2015" }, "geometry": { "type": "Point", "coordinates": [ 9.230059873582141, 45.482940346164106 ] } },
{ "type": "Feature", "properties": { "id_amat": 214, "stato": "attiva", "numero": "206", "nome": "Friuli", "tipo": "Monofacciale", "stalli": "36", "sede": "Marciapiede", "id_via": "3199", "indirizzo": "VIA FRIULI", "civico": "50", "zd_attuale": "4", "anno": "2013" }, "geometry": { "type": "Point", "coordinates": [ 9.213679921100935, 45.454887666514551 ] } },
{ "type": "Feature", "properties": { "id_amat": 215, "stato": "attiva", "numero": "207", "nome": "Loreto 1", "tipo": "Monofacciale", "stalli": "36", "sede": "Marciapiede", "id_via": "2264", "indirizzo": "PIAZZALE LORETO - INTERSEZIONE VIALE ABRUZZI", "civico": null, "zd_attuale": "3", "anno": "2015" }, "geometry": { "type": "Point", "coordinates": [ 9.217418999429556, 45.485738919121182 ] } },
{ "type": "Feature", "properties": { "id_amat": 216, "stato": "attiva", "numero": "208", "nome": "Brianza - Venini", "tipo": "Bifacciale", "stalli": "36", "sede": "Marciapiede", "id_via": "2263", "indirizzo": "VIALE BRIANZA - INTERSEZIONE VIA GIULIO E CORRADO VENINI", "civico": null, "zd_attuale": "2", "anno": "2015" }, "geometry": { "type": "Point", "coordinates": [ 9.212667927247052, 45.487788015028471 ] } },
{ "type": "Feature", "properties": { "id_amat": 218, "stato": "attiva", "numero": "210", "nome": "Aspromonte - Pecchio", "tipo": "Monofacciale", "stalli": "36", "sede": "Marciapiede", "id_via": "2246", "indirizzo": "PIAZZA ASPROMONTE", "civico": null, "zd_attuale": "3", "anno": "2014" }, "geometry": { "type": "Point", "coordinates": [ 9.219393026803104, 45.483971644910625 ] } },
{ "type": "Feature", "properties": { "id_amat": 219, "stato": "attiva", "numero": "212", "nome": "Verrocchio - Juvara", "tipo": "Monofacciale", "stalli": "36", "sede": "Marciapiede", "id_via": "3129", "indirizzo": "VIA FILIPPO JUVARA - INTERSEZIONE VIA ANDREA VERROCCHIO", "civico": null, "zd_attuale": "3", "anno": "2013" }, "geometry": { "type": "Point", "coordinates": [ 9.219764435631824, 45.47325687810536 ] } },
{ "type": "Feature", "properties": { "id_amat": 220, "stato": "attiva", "numero": "213", "nome": "Novelli - Carnaghi", "tipo": "Monofacciale", "stalli": "36", "sede": "Marciapiede", "id_via": "3165", "indirizzo": "VIA DAVIDE CARNAGHI", "civico": "2", "zd_attuale": "3", "anno": "2013" }, "geometry": { "type": "Point", "coordinates": [ 9.220572010644434, 45.470807058402833 ] } },
{ "type": "Feature", "properties": { "id_amat": 221, "stato": "attiva", "numero": "214", "nome": "Susa - Sidoli", "tipo": "Bifacciale", "stalli": "30", "sede": "Marciapiede", "id_via": "3101", "indirizzo": "PIAZZALE SUSA", "civico": null, "zd_attuale": "3", "anno": "2013" }, "geometry": { "type": "Point", "coordinates": [ 9.223980805356616, 45.468869348260512 ] } },
{ "type": "Feature", "properties": { "id_amat": 222, "stato": "attiva", "numero": "215", "nome": "Politecnico", "tipo": "Monofacciale", "stalli": "36", "sede": "Marciapiede", "id_via": "2208", "indirizzo": "PIAZZA LEONARDO DA VINCI - LATO NORD", "civico": null, "zd_attuale": "3", "anno": "2013" }, "geometry": { "type": "Point", "coordinates": [ 9.226158327761251, 45.478659585132476 ] } },
{ "type": "Feature", "properties": { "id_amat": 223, "stato": "attiva", "numero": "216", "nome": "Romagna - Pascoli", "tipo": "Monofacciale", "stalli": "36", "sede": "Carreggiata", "id_via": "3132", "indirizzo": "VIA GIOVANNI PASCOLI", "civico": "53", "zd_attuale": "3", "anno": "2013" }, "geometry": { "type": "Point", "coordinates": [ 9.224354345525136, 45.47648684864037 ] } },
{ "type": "Feature", "properties": { "id_amat": 226, "stato": "attiva", "numero": "264", "nome": "Rio De Janeiro - Sarto", "tipo": "Bifacciale", "stalli": "24", "sede": "Marciapiede", "id_via": "3174", "indirizzo": "LARGO RIO DE JANEIRO - INTERSEZIONE VIA ANDREA DEL SARTO", "civico": null, "zd_attuale": "3", "anno": "2016" }, "geometry": { "type": "Point", "coordinates": [ 9.223625611402406, 45.472590987661988 ] } },
{ "type": "Feature", "properties": { "id_amat": 227, "stato": "attiva", "numero": "219", "nome": "Firenze", "tipo": "Monofacciale", "stalli": "30", "sede": "Marciapiede", "id_via": "7160", "indirizzo": "VIALE TEODORICO - INTERSEZIONE PIAZZA FIRENZE", "civico": null, "zd_attuale": "8", "anno": "2016" }, "geometry": { "type": "Point", "coordinates": [ 9.155855108331894, 45.487378711949766 ] } },
{ "type": "Feature", "properties": { "id_amat": 228, "stato": "attiva", "numero": "220", "nome": "Sempione - Castelvetro", "tipo": "Bifacciale", "stalli": "36", "sede": "Marciapiede", "id_via": "7137", "indirizzo": "CORSO SEMPIONE - INTERSEZIONE VIA LODOVICO CASTELVETRO (PARTERRE)", "civico": null, "zd_attuale": "8", "anno": null }, "geometry": { "type": "Point", "coordinates": [ 9.162517786258427, 45.483545055392369 ] } },
{ "type": "Feature", "properties": { "id_amat": 229, "stato": "attiva", "numero": "221", "nome": "Accursio - Portello", "tipo": "Monofacciale", "stalli": "36", "sede": "Marciapiede", "id_via": "7328", "indirizzo": "VIA GROSOTTO", "civico": null, "zd_attuale": "8", "anno": "2015" }, "geometry": { "type": "Point", "coordinates": [ 9.145890357503127, 45.490909149515865 ] } },
{ "type": "Feature", "properties": { "id_amat": 230, "stato": "attiva", "numero": "222", "nome": "Durante - D'Aviano", "tipo": "Bifacciale", "stalli": "30", "sede": "Marciapiede", "id_via": "2279", "indirizzo": "VIA MARCO D'AVIANO - INTERSEZIONE PIAZZA FRANCESCO DURANTE", "civico": null, "zd_attuale": "2", "anno": "2016" }, "geometry": { "type": "Point", "coordinates": [ 9.22210745177186, 45.488799378067853 ] } },
{ "type": "Feature", "properties": { "id_amat": 231, "stato": "attiva", "numero": "224", "nome": "VI Febbraio", "tipo": "Monofacciale", "stalli": "30", "sede": "Marciapiede", "id_via": "6358", "indirizzo": "PIAZZA SEI FEBBRAIO", "civico": null, "zd_attuale": "8", "anno": "2015" }, "geometry": { "type": "Point", "coordinates": [ 9.160594307693652, 45.476787840703373 ] } },
{ "type": "Feature", "properties": { "id_amat": 232, "stato": "attiva", "numero": "225", "nome": "Chiesa - E. Filiberto", "tipo": "Monofacciale", "stalli": "30", "sede": "Marciapiede", "id_via": "7164", "indirizzo": "PIAZZALE DAMIANO CHIESA - INTERSEZIONE VIA EMANUELE FILIBERTO", "civico": null, "zd_attuale": "8", "anno": "2015" }, "geometry": { "type": "Point", "coordinates": [ 9.156582996048545, 45.484816616092651 ] } },
{ "type": "Feature", "properties": { "id_amat": 233, "stato": "attiva", "numero": "226", "nome": "Lotto", "tipo": "Monofacciale", "stalli": "30", "sede": "Marciapiede", "id_via": "6539", "indirizzo": "PIAZZALE LORENZO LOTTO", "civico": null, "zd_attuale": "8", "anno": "2015" }, "geometry": { "type": "Point", "coordinates": [ 9.143334422673574, 45.479869158605631 ] } },
{ "type": "Feature", "properties": { "id_amat": 234, "stato": "attiva", "numero": "227", "nome": "Zavattari - Tempesta", "tipo": "Monofacciale", "stalli": "27", "sede": "Marciapiede", "id_via": "6537", "indirizzo": "PIAZZALE FRATELLI ZAVATTARI", "civico": "4", "zd_attuale": "7", "anno": "2015" }, "geometry": { "type": "Point", "coordinates": [ 9.143661930061105, 45.475874957055261 ] } },
{ "type": "Feature", "properties": { "id_amat": 236, "stato": "attiva", "numero": "229", "nome": "QT8 - Isernia", "tipo": "Monofacciale", "stalli": "30", "sede": "Carreggiata", "id_via": "6461", "indirizzo": "VIA ISERNIA - INTERSEZIONE PIAZZA SANTA MARIA NASCENTE", "civico": null, "zd_attuale": "8", "anno": "2015" }, "geometry": { "type": "Point", "coordinates": [ 9.137012946718773, 45.486672201821904 ] } },
{ "type": "Feature", "properties": { "id_amat": 239, "stato": "attiva", "numero": "232", "nome": "De Angeli - R. Sanzio", "tipo": "Monofacciale", "stalli": "36", "sede": "Marciapiede", "id_via": "6276", "indirizzo": "PIAZZA ERNESTO DE ANGELI - INTERSEZIONE VIA RAFFAELLO SANZIO", "civico": null, "zd_attuale": "7", "anno": "2015" }, "geometry": { "type": "Point", "coordinates": [ 9.150562886848899, 45.467063530583523 ] } },
{ "type": "Feature", "properties": { "id_amat": 240, "stato": "attiva", "numero": "233", "nome": "Mac Mahon - Artieri", "tipo": "Monofacciale", "stalli": "24", "sede": "Marciapiede", "id_via": "7221", "indirizzo": "VIA MAC MAHON - INTERSEZIONE VIA DEGLI ARTIERI", "civico": null, "zd_attuale": "8", "anno": "2015" }, "geometry": { "type": "Point", "coordinates": [ 9.154977357324571, 45.495877687379149 ] } },
{ "type": "Feature", "properties": { "id_amat": 242, "stato": "attiva", "numero": "235", "nome": "Certosa - Monteceneri", "tipo": "Monofacciale", "stalli": "30", "sede": "Marciapiede", "id_via": "7174", "indirizzo": "VIALE CERTOSA - INTERSEZIONE VIALE RENATO SERRA", "civico": null, "zd_attuale": "8", "anno": "2018" }, "geometry": { "type": "Point", "coordinates": [ 9.151865663950899, 45.48973830332524 ] } },
{ "type": "Feature", "properties": { "id_amat": 243, "stato": "attiva", "numero": "236", "nome": "Mac Mahon - Caracciolo", "tipo": "Bifacciale", "stalli": "30", "sede": "Marciapiede", "id_via": "7221", "indirizzo": "VIA MAC MAHON - INTERSEZIONE VIA FRANCESCO CARACCIOLO", "civico": null, "zd_attuale": "8", "anno": "2015" }, "geometry": { "type": "Point", "coordinates": [ 9.161012126789682, 45.491221302158785 ] } },
{ "type": "Feature", "properties": { "id_amat": 244, "stato": "attiva", "numero": "237", "nome": "Caneva - Tolentino", "tipo": "Monofacciale", "stalli": "24", "sede": "Marciapiede", "id_via": "7183", "indirizzo": "VIA TOLENTINO - INTERSEZIONE PIAZZA CARLO CANEVA", "civico": null, "zd_attuale": "8", "anno": "2015" }, "geometry": { "type": "Point", "coordinates": [ 9.160732630904381, 45.488191894113754 ] } },
{ "type": "Feature", "properties": { "id_amat": 245, "stato": "attiva", "numero": "238", "nome": "Govone - Borgese", "tipo": "Monofacciale", "stalli": "27", "sede": "Marciapiede", "id_via": "7376", "indirizzo": "VIA GIUSEPPE ANTONIO BORGESE", "civico": "1", "zd_attuale": "8", "anno": "2015" }, "geometry": { "type": "Point", "coordinates": [ 9.168999627160735, 45.488410117752295 ] } },
{ "type": "Feature", "properties": { "id_amat": 246, "stato": "attiva", "numero": "239", "nome": "Marussig - Castelvetro", "tipo": "Monofacciale", "stalli": "30", "sede": "Marciapiede", "id_via": "7200", "indirizzo": "VIA PIETRO MARUSSIG", "civico": "3", "zd_attuale": "8", "anno": "2015" }, "geometry": { "type": "Point", "coordinates": [ 9.166089000309654, 45.486379066383698 ] } },
{ "type": "Feature", "properties": { "id_amat": 248, "stato": "attiva", "numero": "241", "nome": "Stuparich - Albani", "tipo": "Monofacciale", "stalli": "27", "sede": "Marciapiede", "id_via": "6468", "indirizzo": "PIAZZA CARLO STUPARICH - INTERSEZIONE VIA FRANCESCO ALBANI", "civico": "8", "zd_attuale": "8", "anno": "2015" }, "geometry": { "type": "Point", "coordinates": [ 9.144220664805498, 45.482920866289568 ] } },
{ "type": "Feature", "properties": { "id_amat": 253, "stato": "attiva", "numero": "248", "nome": "Teodorico - Gattamelata", "tipo": "Bifacciale", "stalli": "24", "sede": "Marciapiede", "id_via": "7156", "indirizzo": "VIA GATTAMELATA - INTERSEZIONE VIALE TEODORICO", "civico": null, "zd_attuale": "8", "anno": "2015" }, "geometry": { "type": "Point", "coordinates": [ 9.151537094286581, 45.484458329861027 ] } },
{ "type": "Feature", "properties": { "id_amat": 254, "stato": "attiva", "numero": "249", "nome": "Vigliani - Scarampo", "tipo": "Monofacciale", "stalli": "30", "sede": "Marciapiede", "id_via": "6422", "indirizzo": "VIA PAOLO ONORATO VIGLIANI - INTERSEZIONE VIALE LODOVICO SCARAMPO", "civico": null, "zd_attuale": "8", "anno": "2015" }, "geometry": { "type": "Point", "coordinates": [ 9.148235562555616, 45.482467853815919 ] } },
{ "type": "Feature", "properties": { "id_amat": 255, "stato": "attiva", "numero": "250", "nome": "Castelli - Ailanti", "tipo": "Monofacciale", "stalli": "27", "sede": "Carreggiata", "id_via": "7284", "indirizzo": "VIA DEGLI AILANTI", "civico": "3", "zd_attuale": "8", "anno": "2015" }, "geometry": { "type": "Point", "coordinates": [ 9.15210124029722, 45.499451578387294 ] } },
{ "type": "Feature", "properties": { "id_amat": 256, "stato": "attiva", "numero": "251", "nome": "Villapizzone FFSS - Lambruschini", "tipo": "Bifacciale", "stalli": "30", "sede": "Marciapiede", "id_via": "7271", "indirizzo": "VIA RAFFAELE LAMBRUSCHINI", "civico": null, "zd_attuale": "9", "anno": "2015" }, "geometry": { "type": "Point", "coordinates": [ 9.152631498198675, 45.50238053369209 ] } },
{ "type": "Feature", "properties": { "id_amat": 257, "stato": "attiva", "numero": "252", "nome": "Bovisa - Lambruschini", "tipo": "Monofacciale", "stalli": "30", "sede": "Marciapiede", "id_via": "7289", "indirizzo": "VIA PAOLO MARIANI", "civico": null, "zd_attuale": "9", "anno": "2015" }, "geometry": { "type": "Point", "coordinates": [ 9.158565479641537, 45.502106953597469 ] } },
{ "type": "Feature", "properties": { "id_amat": 258, "stato": "attiva", "numero": "253", "nome": "Bovisa Passante 1 - Alfieri", "tipo": "Monofacciale", "stalli": "30", "sede": "Carreggiata", "id_via": "1726", "indirizzo": "PIAZZA EMILIO ALFIERI", "civico": null, "zd_attuale": "9", "anno": "2015" }, "geometry": { "type": "Point", "coordinates": [ 9.160787873303219, 45.502740400655362 ] } },
{ "type": "Feature", "properties": { "id_amat": 259, "stato": "attiva", "numero": "254", "nome": "Bausan - Brofferio", "tipo": "Monofacciale", "stalli": "27", "sede": "Carreggiata", "id_via": "1465", "indirizzo": "VIA ANGELO BROFFERIO - PIAZZA GIOVANNI BAUSAN", "civico": null, "zd_attuale": "9", "anno": "2015" }, "geometry": { "type": "Point", "coordinates": [ 9.164807709907375, 45.502653972376287 ] } },
{ "type": "Feature", "properties": { "id_amat": 260, "stato": "attiva", "numero": "255", "nome": "Nigra - Castellini", "tipo": "Monofacciale", "stalli": "27", "sede": "Carreggiata", "id_via": "1236", "indirizzo": "PIAZZALE COSTANTINO NIGRA", "civico": null, "zd_attuale": "9", "anno": "2015" }, "geometry": { "type": "Point", "coordinates": [ 9.170590821062296, 45.496262653906598 ] } },
{ "type": "Feature", "properties": { "id_amat": 261, "stato": "attiva", "numero": "256", "nome": "Lancetti Passante - Maloja", "tipo": "Monofacciale", "stalli": "30", "sede": "Marciapiede", "id_via": "1220", "indirizzo": "VIA MALOIA - INTERSEZIONE VIALE VINCENZO LANCETTI", "civico": null, "zd_attuale": "9", "anno": "2015" }, "geometry": { "type": "Point", "coordinates": [ 9.176459044788913, 45.49484289177478 ] } },
{ "type": "Feature", "properties": { "id_amat": 262, "stato": "attiva", "numero": "257", "nome": "Valtellina - Aprica", "tipo": "Monofacciale", "stalli": "24", "sede": "Marciapiede", "id_via": "1188", "indirizzo": "VIA VALTELLINA - INTERSEZIONE VIA DELL'APRICA", "civico": "36", "zd_attuale": "9", "anno": "2015" }, "geometry": { "type": "Point", "coordinates": [ 9.182439757376397, 45.493010231771407 ] } },
{ "type": "Feature", "properties": { "id_amat": 263, "stato": "attiva", "numero": "258", "nome": "Maciachini - Marche", "tipo": "Monofacciale", "stalli": "30", "sede": "Marciapiede", "id_via": "1361", "indirizzo": "PIAZZALE CARLO MACIACHINI - INTERSEZIONE VIA VALASSINA", "civico": null, "zd_attuale": "9", "anno": "2015" }, "geometry": { "type": "Point", "coordinates": [ 9.186905045606775, 45.498065751109792 ] } },
{ "type": "Feature", "properties": { "id_amat": 264, "stato": "attiva", "numero": "259", "nome": "Amendola M1", "tipo": "Monofacciale", "stalli": "36", "sede": "Marciapiede", "id_via": "6363", "indirizzo": "PIAZZA GIOVANNI AMENDOLA", "civico": null, "zd_attuale": "8", "anno": "2015" }, "geometry": { "type": "Point", "coordinates": [ 9.151710936565737, 45.473636854125346 ] } },
{ "type": "Feature", "properties": { "id_amat": 265, "stato": "attiva", "numero": "260", "nome": "Baldinucci - Maffucci", "tipo": "Monofacciale", "stalli": "24", "sede": "Marciapiede", "id_via": "1267", "indirizzo": "VIA FILIPPO BALDINUCCI - INTERSEZIONE VIA ANGIOLO MAFFUCCI", "civico": null, "zd_attuale": "9", "anno": "2015" }, "geometry": { "type": "Point", "coordinates": [ 9.169208450831819, 45.503501692936467 ] } },
{ "type": "Feature", "properties": { "id_amat": 266, "stato": "attiva", "numero": "261", "nome": "Imbonati - Dergano M3", "tipo": "Bifacciale", "stalli": "36", "sede": "Marciapiede", "id_via": "1311", "indirizzo": "VIA CARLO IMBONATI", "civico": null, "zd_attuale": "9", "anno": "2015" }, "geometry": { "type": "Point", "coordinates": [ 9.179862939490953, 45.505390109592561 ] } },
{ "type": "Feature", "properties": { "id_amat": 267, "stato": "attiva", "numero": "262", "nome": "Livigno - Monte San Genesio", "tipo": "Bifacciale", "stalli": "30", "sede": "Marciapiede", "id_via": "1296", "indirizzo": "VIA LIVIGNO - INTERSEZIONE VIA MONT SAN GENESIO", "civico": null, "zd_attuale": "9", "anno": "2015" }, "geometry": { "type": "Point", "coordinates": [ 9.178449719620955, 45.500157023160767 ] } },
{ "type": "Feature", "properties": { "id_amat": 268, "stato": "attiva", "numero": "263", "nome": "Castello", "tipo": "Bifacciale", "stalli": "30", "sede": "Carreggiata", "id_via": "704", "indirizzo": "PIAZZA CASTELLO", "civico": null, "zd_attuale": "1", "anno": "2015" }, "geometry": { "type": "Point", "coordinates": [ 9.179450132566119, 45.468675932833342 ] } },
{ "type": "Feature", "properties": { "id_amat": 270, "stato": "attiva", "numero": "266", "nome": "Sauli - Battaglia", "tipo": "Bifacciale", "stalli": "30", "sede": "Marciapiede", "id_via": "2262", "indirizzo": "VIA SOPERGA", "civico": null, "zd_attuale": "2", "anno": "2018" }, "geometry": { "type": "Point", "coordinates": [ 9.213300794189912, 45.491078045351991 ] } },
{ "type": "Feature", "properties": { "id_amat": 272, "stato": "attiva", "numero": "265", "nome": "Arduino", "tipo": "Monofacciale", "stalli": "30", "sede": "Marciapiede", "id_via": "6365", "indirizzo": "PIAZZALE ARDUINO", "civico": null, "zd_attuale": "8", "anno": "2017" }, "geometry": { "type": "Point", "coordinates": [ 9.151266185958045, 45.477117531948487 ] } },
{ "type": "Feature", "properties": { "id_amat": 276, "stato": "attiva", "numero": "270", "nome": "Stelvio - Farini", "tipo": "Monofacciale", "stalli": "30", "sede": "Marciapiede", "id_via": "1227", "indirizzo": "VIALE STELVIO - INTERSEZIONE VIA CARLO FARINI", "civico": null, "zd_attuale": "9", "anno": "2015" }, "geometry": { "type": "Point", "coordinates": [ 9.184962599752485, 45.494792764054445 ] } },
{ "type": "Feature", "properties": { "id_amat": 286, "stato": "attiva", "numero": "280", "nome": "Murat - Villani - Milano Sport", "tipo": "Monofacciale", "stalli": "30", "sede": "Marciapiede", "id_via": "1316", "indirizzo": "VIA GIOACCHINO MURAT", "civico": null, "zd_attuale": "9", "anno": "2015" }, "geometry": { "type": "Point", "coordinates": [ 9.190641598207078, 45.499612724336885 ] } },
{ "type": "Feature", "properties": { "id_amat": 287, "stato": "attiva", "numero": "281", "nome": "Stefini - Ressi", "tipo": "Monofacciale", "stalli": "30", "sede": "Carreggiata", "id_via": "1397", "indirizzo": "VIA ADEODATO RESSI - INTERSEZIONE VIA EVARISTO STEFINI", "civico": null, "zd_attuale": "2", "anno": "2016" }, "geometry": { "type": "Point", "coordinates": [ 9.203000448492663, 45.496822295707034 ] } },
{ "type": "Feature", "properties": { "id_amat": 288, "stato": "attiva", "numero": "282", "nome": "Dergano", "tipo": "Monofacciale", "stalli": "24", "sede": "Carreggiata", "id_via": "1500", "indirizzo": "PIAZZA DERGANO", "civico": null, "zd_attuale": "9", "anno": "2015" }, "geometry": { "type": "Point", "coordinates": [ 9.176923183343972, 45.503165174965851 ] } },
{ "type": "Feature", "properties": { "id_amat": 289, "stato": "attiva", "numero": "283", "nome": "Reni - Guardi", "tipo": "Monofacciale", "stalli": "30", "sede": "Carreggiata", "id_via": "3205", "indirizzo": "VIA GUIDO RENI - INTERSEZIONE PIAZZA FRANCESCO GUARDI", "civico": null, "zd_attuale": "3", "anno": "2015" }, "geometry": { "type": "Point", "coordinates": [ 9.225892294951027, 45.470641851389743 ] } },
{ "type": "Feature", "properties": { "id_amat": 299, "stato": "attiva", "numero": "296", "nome": "Gioia - Cassina de Pomm", "tipo": "Monofacciale", "stalli": "30", "sede": "Carreggiata", "id_via": "1108", "indirizzo": "VIA MELCHIORRE GIOIA - INTERSEZIONE VIA TIRANO", "civico": null, "zd_attuale": "2", "anno": "2015" }, "geometry": { "type": "Point", "coordinates": [ 9.20814041576959, 45.496668017511404 ] } },
{ "type": "Feature", "properties": { "id_amat": 304, "stato": "attiva", "numero": "301", "nome": "Toscana - Leoni", "tipo": "Monofacciale", "stalli": "30", "sede": "Marciapiede", "id_via": "4210", "indirizzo": "VIALE TOSCANA - INTERSEZIONE VIA POMPEO LEONI", "civico": null, "zd_attuale": "5", "anno": "2015" }, "geometry": { "type": "Point", "coordinates": [ 9.193685491650962, 45.446152066597101 ] } },
{ "type": "Feature", "properties": { "id_amat": 305, "stato": "attiva", "numero": "302", "nome": "De Angeli - Ripamonti", "tipo": "Monofacciale", "stalli": "30", "sede": "Marciapiede", "id_via": "4326", "indirizzo": "VIA CARLO DE ANGELI - INTERSEZIONE VIA GIUSEPPE RIPAMONTI", "civico": null, "zd_attuale": "5", "anno": "2015" }, "geometry": { "type": "Point", "coordinates": [ 9.198376412585292, 45.443321187986768 ] } },
{ "type": "Feature", "properties": { "id_amat": 306, "stato": "attiva", "numero": "303", "nome": "Benaco - Brembo", "tipo": "Monofacciale", "stalli": "30", "sede": "Marciapiede", "id_via": "4143", "indirizzo": "VIA BENACO - INTERSEZIONE VIA BREMBO", "civico": null, "zd_attuale": "4", "anno": "2016" }, "geometry": { "type": "Point", "coordinates": [ 9.212012182746612, 45.444367665109255 ] } },
{ "type": "Feature", "properties": { "id_amat": 307, "stato": "attiva", "numero": "304", "nome": "Adamello - Lorenzini", "tipo": "Monofacciale", "stalli": "30", "sede": "Carreggiata", "id_via": "4135", "indirizzo": "VIA ADAMELLO", "civico": "6", "zd_attuale": "5", "anno": "2015" }, "geometry": { "type": "Point", "coordinates": [ 9.203104543746512, 45.443413458965402 ] } },
{ "type": "Feature", "properties": { "id_amat": 308, "stato": "attiva", "numero": "305", "nome": "Spadolini - Centro Leoni", "tipo": "Monofacciale", "stalli": "30", "sede": "Marciapiede", "id_via": "4325", "indirizzo": "VIA GIOVANNI SPADOLINI", "civico": null, "zd_attuale": "5", "anno": "2015" }, "geometry": { "type": "Point", "coordinates": [ 9.189660730211349, 45.443098915151751 ] } },
{ "type": "Feature", "properties": { "id_amat": 310, "stato": "attiva", "numero": "307", "nome": "Piazzi - Bernina", "tipo": "Monofacciale", "stalli": "24", "sede": "Carreggiata", "id_via": "1222", "indirizzo": "VIA GIUSEPPE PIAZZI - INTERSEZIONE VIA BERNINA", "civico": null, "zd_attuale": "9", "anno": "2015" }, "geometry": { "type": "Point", "coordinates": [ 9.181075233590608, 45.494496052488508 ] } },
{ "type": "Feature", "properties": { "id_amat": 312, "stato": "attiva", "numero": "309", "nome": "Carlo Magno - Alcuino", "tipo": "Bifacciale", "stalli": "30", "sede": "Marciapiede", "id_via": "7165", "indirizzo": "VIA ALCUINO - INTERSEZIONE PIAZZALE CARLO MAGNO", "civico": null, "zd_attuale": "8", "anno": "2015" }, "geometry": { "type": "Point", "coordinates": [ 9.155818453121453, 45.481501216879373 ] } },
{ "type": "Feature", "properties": { "id_amat": 313, "stato": "attiva", "numero": "310", "nome": "Istria M5 - F. Testi", "tipo": "Monofacciale", "stalli": "30", "sede": "Marciapiede", "id_via": "1347", "indirizzo": "PIAZZALE ISTRIA", "civico": null, "zd_attuale": "2", "anno": "2015" }, "geometry": { "type": "Point", "coordinates": [ 9.198356942128799, 45.501721251375194 ] } },
{ "type": "Feature", "properties": { "id_amat": 314, "stato": "attiva", "numero": "311", "nome": "De Marchi - Lucini", "tipo": "Monofacciale", "stalli": "30", "sede": "Marciapiede", "id_via": "1418", "indirizzo": "VIA EMILIO DE MARCHI", "civico": "19", "zd_attuale": "2", "anno": "2016" }, "geometry": { "type": "Point", "coordinates": [ 9.208898037148499, 45.500269158240982 ] } },
{ "type": "Feature", "properties": { "id_amat": 315, "stato": "attiva", "numero": "312", "nome": "De Marchi - Bottelli", "tipo": "Monofacciale", "stalli": "30", "sede": "Marciapiede", "id_via": "1418", "indirizzo": "VIA EMILIO DE MARCHI", "civico": "59", "zd_attuale": "2", "anno": "2016" }, "geometry": { "type": "Point", "coordinates": [ 9.211346152794427, 45.503363405265063 ] } },
{ "type": "Feature", "properties": { "id_amat": 316, "stato": "attiva", "numero": "313", "nome": "Ca Granda - F.Testi", "tipo": "Monofacciale", "stalli": "30", "sede": "Carreggiata", "id_via": "1443", "indirizzo": "VIALE CA' GRANDA - INTERSEZIONE VIALE FULVIO TESTI (LATO PARI)", "civico": null, "zd_attuale": "9", "anno": "2015" }, "geometry": { "type": "Point", "coordinates": [ 9.20001802465614, 45.506707571508358 ] } },
{ "type": "Feature", "properties": { "id_amat": 318, "stato": "attiva", "numero": "315", "nome": "Ospedale Maggiore", "tipo": "Bifacciale", "stalli": "30", "sede": "Marciapiede", "id_via": "1523", "indirizzo": "PIAZZA DELL'OSPEDALE MAGGIORE", "civico": null, "zd_attuale": "9", "anno": "2015" }, "geometry": { "type": "Point", "coordinates": [ 9.189669803752043, 45.508442361396405 ] } },
{ "type": "Feature", "properties": { "id_amat": 320, "stato": "attiva", "numero": "317", "nome": "Alserio - Cola Montano", "tipo": "Monofacciale", "stalli": "30", "sede": "Marciapiede", "id_via": "1153", "indirizzo": "VIA ALSERIO", "civico": "10", "zd_attuale": "9", "anno": "2016" }, "geometry": { "type": "Point", "coordinates": [ 9.185675474872555, 45.491038551819834 ] } },
{ "type": "Feature", "properties": { "id_amat": 321, "stato": "attiva", "numero": "319", "nome": "Gioia - Cagliero", "tipo": "Monofacciale", "stalli": "30", "sede": "Carreggiata", "id_via": "1108", "indirizzo": "VIA MELCHIORRE GIOIA", "civico": "124-126", "zd_attuale": "2", "anno": "2016" }, "geometry": { "type": "Point", "coordinates": [ 9.205946340368454, 45.49358059586438 ] } },
{ "type": "Feature", "properties": { "id_amat": 323, "stato": "attiva", "numero": "321", "nome": "Piazzale Nizza", "tipo": "Monofacciale", "stalli": "27", "sede": "Marciapiede", "id_via": "1521", "indirizzo": "PIAZZALE NIZZA", "civico": null, "zd_attuale": "9", "anno": "2015" }, "geometry": { "type": "Point", "coordinates": [ 9.188772735174222, 45.503405328529915 ] } },
{ "type": "Feature", "properties": { "id_amat": 324, "stato": "attiva", "numero": "322", "nome": "Bicocca M5 - Pulci", "tipo": "Monofacciale", "stalli": "30", "sede": "Carreggiata", "id_via": "1622", "indirizzo": "VIA LUIGI PULCI", "civico": "2", "zd_attuale": "9", "anno": "2015" }, "geometry": { "type": "Point", "coordinates": [ 9.205971473254046, 45.514161904044201 ] } },
{ "type": "Feature", "properties": { "id_amat": 325, "stato": "attiva", "numero": "323", "nome": "Temolo - Innovazione", "tipo": "Monofacciale", "stalli": "30", "sede": "Marciapiede", "id_via": "1732", "indirizzo": "VIA LIBERO TEMOLO - INTERSEZIONE VIALE DELL'INNOVAZIONE", "civico": "1", "zd_attuale": "9", "anno": "2015" }, "geometry": { "type": "Point", "coordinates": [ 9.210741693677221, 45.51136985988974 ] } },
{ "type": "Feature", "properties": { "id_amat": 326, "stato": "attiva", "numero": "324", "nome": "Staz. Greco Pirelli - Cozzi", "tipo": "Monofacciale", "stalli": "30", "sede": "Marciapiede", "id_via": "1629", "indirizzo": "PIAZZALE EGEO", "civico": null, "zd_attuale": "9", "anno": "2016" }, "geometry": { "type": "Point", "coordinates": [ 9.213479029262821, 45.512708496230971 ] } },
{ "type": "Feature", "properties": { "id_amat": 327, "stato": "attiva", "numero": "325", "nome": "Romolo M2", "tipo": "Bifacciale", "stalli": "36", "sede": "Marciapiede", "id_via": "5463", "indirizzo": "LARGO ALBERTO ASCARI", "civico": null, "zd_attuale": "6", "anno": "2015" }, "geometry": { "type": "Point", "coordinates": [ 9.167604907105687, 45.443543709702737 ] } },
{ "type": "Feature", "properties": { "id_amat": 328, "stato": "attiva", "numero": "326", "nome": "Arcimboldi - Innovazione", "tipo": "Monofacciale", "stalli": "30", "sede": "Marciapiede", "id_via": "1731", "indirizzo": "VIALE DELL'INNOVAZIONE - INTERSEZIONE VIA ETTORE FIERAMOSCA", "civico": null, "zd_attuale": "9", "anno": "2018" }, "geometry": { "type": "Point", "coordinates": [ 9.213902989244112, 45.515831852220181 ] } },
{ "type": "Feature", "properties": { "id_amat": 329, "stato": "attiva", "numero": "327", "nome": "Pirelli - UNI Bicocca", "tipo": "Monofacciale", "stalli": "24", "sede": "Marciapiede", "id_via": "1727", "indirizzo": "VIALE PIERO ALBERTO PIRELLI", "civico": "22", "zd_attuale": "9", "anno": "2016" }, "geometry": { "type": "Point", "coordinates": [ 9.212875880338776, 45.518600241770542 ] } },
{ "type": "Feature", "properties": { "id_amat": 330, "stato": "attiva", "numero": "328", "nome": "Bussero - F. Testi", "tipo": "Monofacciale", "stalli": "30", "sede": "Carreggiata", "id_via": "1618", "indirizzo": "VIA GOFFREDO DA BUSSERO - INTERSEZIONE VIALE FULVIO TESTI", "civico": null, "zd_attuale": "9", "anno": "2015" }, "geometry": { "type": "Point", "coordinates": [ 9.206946461021335, 45.518755841832679 ] } },
{ "type": "Feature", "properties": { "id_amat": 331, "stato": "attiva", "numero": "329", "nome": "Chiese - F. Testi", "tipo": "Monofacciale", "stalli": "30", "sede": "Marciapiede", "id_via": "1627", "indirizzo": "VIA CHIESE - INTERSEZIONE VIALE FULVIO TESTI", "civico": null, "zd_attuale": "9", "anno": "2015" }, "geometry": { "type": "Point", "coordinates": [ 9.210340412354983, 45.522345987444332 ] } },
{ "type": "Feature", "properties": { "id_amat": 332, "stato": "attiva", "numero": "330", "nome": "Suzzani - Arezzo", "tipo": "Monofacciale", "stalli": "30", "sede": "Marciapiede", "id_via": "1446", "indirizzo": "VIALE GIOVANNI SUZZANI", "civico": "280-282", "zd_attuale": "9", "anno": "2015" }, "geometry": { "type": "Point", "coordinates": [ 9.209384592357081, 45.526870965994028 ] } },
{ "type": "Feature", "properties": { "id_amat": 336, "stato": "attiva", "numero": "334", "nome": "Molino Dorino M1", "tipo": "Monofacciale", "stalli": "30", "sede": "Marciapiede", "id_via": null, "indirizzo": "PARCHEGGIO NVPR STAZIONE M.M. MOLINO DORINO - LATO VIA FRANCESCO CILEA", "civico": null, "zd_attuale": "8", "anno": "2015" }, "geometry": { "type": "Point", "coordinates": [ 9.094235956302773, 45.505111918970172 ] } },
{ "type": "Feature", "properties": { "id_amat": 338, "stato": "attiva", "numero": "267", "nome": "Sardegna - Sicilia", "tipo": "Monofacciale", "stalli": "30", "sede": "Marciapiede", "id_via": "6265", "indirizzo": "VIA SARDEGNA - INTERSEZIONE PIAZZA SICILIA", "civico": "27", "zd_attuale": "7", "anno": "2018" }, "geometry": { "type": "Point", "coordinates": [ 9.152820935021472, 45.463826782092902 ] } },
{ "type": "Feature", "properties": { "id_amat": 339, "stato": "attiva", "numero": "268", "nome": "Lunigiana-Sammartini", "tipo": "Bifacciale", "stalli": "30", "sede": "Marciapiede", "id_via": "1214", "indirizzo": "VIALE LUNIGIANA - INTERSEZIONE VIA SAMMARTINI", "civico": null, "zd_attuale": "2", "anno": "2019" }, "geometry": { "type": "Point", "coordinates": [ 9.207225070427338, 45.490804773510362 ] } },
{ "type": "Feature", "properties": { "id_amat": 340, "stato": "attiva", "numero": "198", "nome": "Garibaldi 2 - Sturzo", "tipo": "Bifacciale", "stalli": "24", "sede": "Marciapiede", "id_via": "1704", "indirizzo": "VIALE LUIGI STURZO", "civico": null, "zd_attuale": "9", "anno": "2018" }, "geometry": { "type": "Point", "coordinates": [ 9.188312056855159, 45.48360510765179 ] } },
{ "type": "Feature", "properties": { "id_amat": 342, "stato": "attiva", "numero": "340", "nome": "Corvetto - Polesine", "tipo": "Bifacciale", "stalli": "30", "sede": "Marciapiede", "id_via": "4174", "indirizzo": "PIAZZALE LUIGI EMANUELE CORVETTO", "civico": null, "zd_attuale": "4", "anno": "2019" }, "geometry": { "type": "Point", "coordinates": [ 9.223980943950677, 45.439681005921045 ] } },
{ "type": "Feature", "properties": { "id_amat": 343, "stato": "attiva", "numero": "341", "nome": "Cuoco - Monte Cimone", "tipo": "Monofacciale", "stalli": "30", "sede": "Marciapiede", "id_via": "3333", "indirizzo": "VIA MONTE CIMONE - INTERSEZIONE PIAZZALE VINCENZO CUOCO", "civico": null, "zd_attuale": "4", "anno": "2019" }, "geometry": { "type": "Point", "coordinates": [ 9.225000218076897, 45.450471572941048 ] } },
{ "type": "Feature", "properties": { "id_amat": 344, "stato": "attiva", "numero": "342", "nome": "Bologna", "tipo": "Monofacciale", "stalli": "30", "sede": "Marciapiede", "id_via": "4172", "indirizzo": "PIAZZALE BOLOGNA - INTERSEZIONE VIALE PUGLIE", "civico": null, "zd_attuale": "4", "anno": "2019" }, "geometry": { "type": "Point", "coordinates": [ 9.223630754884823, 45.444602437144248 ] } },
{ "type": "Feature", "properties": { "id_amat": 345, "stato": "attiva", "numero": "343", "nome": "Ortles - Ripamonti", "tipo": "Monofacciale", "stalli": "30", "sede": "Marciapiede", "id_via": "4133", "indirizzo": "VIALE ORTLES", "civico": "2", "zd_attuale": "5", "anno": "2019" }, "geometry": { "type": "Point", "coordinates": [ 9.200514206143803, 45.438855909615498 ] } },
{ "type": "Feature", "properties": { "id_amat": 346, "stato": "attiva", "numero": "350", "nome": "Beccaria 2 - Bersaglieri", "tipo": "Monofacciale", "stalli": "33", "sede": "Marciapiede", "id_via": "657", "indirizzo": "LARGO DEI BERSAGLIERI - INTERSEZIONE PIAZZA CESARE BECCARIA", "civico": null, "zd_attuale": "1", "anno": "2019" }, "geometry": { "type": "Point", "coordinates": [ 9.19500692554195, 45.463308915400262 ] } },
{ "type": "Feature", "properties": { "id_amat": 347, "stato": "attiva", "numero": "351", "nome": "Duomo 2 - Foscolo", "tipo": "Monofacciale", "stalli": "33", "sede": "Carreggiata", "id_via": "1", "indirizzo": "PIAZZA DEL DUOMO", "civico": null, "zd_attuale": "1", "anno": "2019" }, "geometry": { "type": "Point", "coordinates": [ 9.190978844625361, 45.46474597178657 ] } },
{ "type": "Feature", "properties": { "id_amat": 348, "stato": "attiva", "numero": "352", "nome": "Cordusio", "tipo": "Monofacciale", "stalli": "30", "sede": "Carreggiata", "id_via": "626", "indirizzo": "PIAZZA CORDUSIO", "civico": null, "zd_attuale": "1", "anno": "2019" }, "geometry": { "type": "Point", "coordinates": [ 9.186214239636527, 45.465475436332909 ] } },
{ "type": "Feature", "properties": { "id_amat": 350, "stato": "attiva", "numero": "354", "nome": "Foro Buonaparte", "tipo": "Monofacciale", "stalli": "30", "sede": "Marciapiede", "id_via": "711", "indirizzo": "FORO BONAPARTE", "civico": "33", "zd_attuale": "1", "anno": "2019" }, "geometry": { "type": "Point", "coordinates": [ 9.178448630616286, 45.467671821679247 ] } },
{ "type": "Feature", "properties": { "id_amat": 352, "stato": "attiva", "numero": "356", "nome": "Giambellino - Odazio", "tipo": "Monofacciale", "stalli": "30", "sede": "Marciapiede", "id_via": "5395", "indirizzo": "LARGO GIAMBELLINO", "civico": null, "zd_attuale": "6", "anno": "2020" }, "geometry": { "type": "Point", "coordinates": [ 9.135212620559201, 45.447165760413064 ] } },
{ "type": "Feature", "properties": { "id_amat": 353, "stato": "attiva", "numero": "357", "nome": "Ciceri Visconti - Martini", "tipo": "Monofacciale", "stalli": "36", "sede": "Carreggiata", "id_via": "3220", "indirizzo": "VIA LAURA CICERI VISCONTI", "civico": "2", "zd_attuale": "4", "anno": "2019" }, "geometry": { "type": "Point", "coordinates": [ 9.220224431972317, 45.455376631815099 ] } },
{ "type": "Feature", "properties": { "id_amat": 354, "stato": "attiva", "numero": "358", "nome": "Insubria - Bruno", "tipo": "Monofacciale", "stalli": "27", "sede": "Carreggiata", "id_via": "3221", "indirizzo": "PIAZZA INSUBRIA - INTERSEZIONE VIA EMILIO FAA' DI BRUNO", "civico": null, "zd_attuale": "4", "anno": "2019" }, "geometry": { "type": "Point", "coordinates": [ 9.221157184203896, 45.452444653506795 ] } },
{ "type": "Feature", "properties": { "id_amat": 355, "stato": "attiva", "numero": "359", "nome": "Tertulliano - Caroncini", "tipo": "Monofacciale", "stalli": "27", "sede": "Marciapiede", "id_via": "4094", "indirizzo": "VIA TERTULLIANO", "civico": "35", "zd_attuale": "4", "anno": "2019" }, "geometry": { "type": "Point", "coordinates": [ 9.218014785293873, 45.449319022513642 ] } },
{ "type": "Feature", "properties": { "id_amat": 356, "stato": "attiva", "numero": "274", "nome": "Passerini - Belloveso", "tipo": "Monofacciale", "stalli": "30", "sede": "Carreggiata", "id_via": "1589", "indirizzo": "VIA GIAN BATTISTA PASSERINI - INTERSEZIONE VIA RICCARDO BAUER", "civico": "5", "zd_attuale": "9", "anno": "2020" }, "geometry": { "type": "Point", "coordinates": [ 9.193383642927225, 45.515345516589662 ] } },
{ "type": "Feature", "properties": { "id_amat": 357, "stato": "attiva", "numero": "362", "nome": "Bottini 2 - Lambrate M2", "tipo": "Monofacciale", "stalli": "24", "sede": "Marciapiede", "id_via": "2572", "indirizzo": "PIAZZA ENRICO BOTTINI", "civico": "3", "zd_attuale": "3", "anno": "2019" }, "geometry": { "type": "Point", "coordinates": [ 9.235703333797007, 45.485003363518899 ] } },
{ "type": "Feature", "properties": { "id_amat": 358, "stato": "attiva", "numero": "363", "nome": "Tripoli", "tipo": "Bifacciale", "stalli": "30", "sede": "Marciapiede", "id_via": "6130", "indirizzo": "PIAZZALE TRIPOLI - LATO VIALE MISURATA", "civico": null, "zd_attuale": "7", "anno": "2019" }, "geometry": { "type": "Point", "coordinates": [ 9.149779739644323, 45.459593636374038 ] } },
{ "type": "Feature", "properties": { "id_amat": 359, "stato": "attiva", "numero": "364", "nome": "Fezzan - Forli'", "tipo": "Monofacciale", "stalli": "30", "sede": "Marciapiede", "id_via": "6677", "indirizzo": "VIA FEZZAN - INTERSEZIONE VIALE CATERINA DA FORLI'", "civico": null, "zd_attuale": "6", "anno": "2020" }, "geometry": { "type": "Point", "coordinates": [ 9.146225378639048, 45.459626226506764 ] } },
{ "type": "Feature", "properties": { "id_amat": 361, "stato": "attiva", "numero": "366", "nome": "Carlini - D'Alviano", "tipo": "Monofacciale", "stalli": "30", "sede": "Carreggiata", "id_via": "6819", "indirizzo": "VIA FRANCESCO CARLINI - INTERSEZIONE VIA BARTOLOMEO D'ALVIANO", "civico": null, "zd_attuale": "6", "anno": "2019" }, "geometry": { "type": "Point", "coordinates": [ 9.142157541478106, 45.453031335641427 ] } },
{ "type": "Feature", "properties": { "id_amat": 362, "stato": "attiva", "numero": "367", "nome": "Velasquez - Osoppo", "tipo": "Monofacciale", "stalli": "27", "sede": "Marciapiede", "id_via": "6595", "indirizzo": "PIAZZALE DIEGO VELASQUEZ - INTERSEZIONE VIA OSOPPO", "civico": null, "zd_attuale": "7", "anno": "2020" }, "geometry": { "type": "Point", "coordinates": [ 9.141210421374117, 45.467587355933034 ] } },
{ "type": "Feature", "properties": { "id_amat": 363, "stato": "attiva", "numero": "368", "nome": "Tolstoi - Lorenteggio", "tipo": "Monofacciale", "stalli": "30", "sede": "Marciapiede", "id_via": "5133", "indirizzo": "VIA LEONE TOLSTOI", "civico": "53", "zd_attuale": "6", "anno": "2020" }, "geometry": { "type": "Point", "coordinates": [ 9.149296035270877, 45.453828657658569 ] } },
{ "type": "Feature", "properties": { "id_amat": 364, "stato": "attiva", "numero": "369", "nome": "San Giminiano - Tuberose", "tipo": "Monofacciale", "stalli": "30", "sede": "Marciapiede", "id_via": "6613", "indirizzo": "VIALE SAN GIMINIANO", "civico": "19", "zd_attuale": "6", "anno": "2019" }, "geometry": { "type": "Point", "coordinates": [ 9.13611044277812, 45.458842466221398 ] } },
{ "type": "Feature", "properties": { "id_amat": 365, "stato": "attiva", "numero": "370", "nome": "Primaticcio - Corba", "tipo": "Monofacciale", "stalli": "30", "sede": "Marciapiede", "id_via": "6646", "indirizzo": "VIA FRANCESCO PRIMATICCIO - INTERSEZIONE VIA CASCINA CORBA", "civico": null, "zd_attuale": "6", "anno": "2019" }, "geometry": { "type": "Point", "coordinates": [ 9.133353862196881, 45.453055883478569 ] } },
{ "type": "Feature", "properties": { "id_amat": 367, "stato": "attiva", "numero": "372", "nome": "Solderini - Provincia di Milano", "tipo": "Monofacciale", "stalli": "30", "sede": "Carreggiata", "id_via": "6675", "indirizzo": "VIA LUIGI SODERINI", "civico": null, "zd_attuale": "6", "anno": "2019" }, "geometry": { "type": "Point", "coordinates": [ 9.142218812517989, 45.456618717959863 ] } },
{ "type": "Feature", "properties": { "id_amat": 368, "stato": "attiva", "numero": "373", "nome": "Brunelleschi - Giambellino", "tipo": "Monofacciale", "stalli": "24", "sede": "Marciapiede", "id_via": "5384", "indirizzo": "VIA FILIPPO BRUNELLESCHI", "civico": "1", "zd_attuale": "6", "anno": "2020" }, "geometry": { "type": "Point", "coordinates": [ 9.144433426806932, 45.449039916856677 ] } },
{ "type": "Feature", "properties": { "id_amat": 371, "stato": "attiva", "numero": "376", "nome": "Tirana - San Cristoforo", "tipo": "Monofacciale", "stalli": "36", "sede": "Marciapiede", "id_via": "5378", "indirizzo": "PIAZZA TIRANA - LATO STAZIONE DI MILANO SAN CRISTOFORO", "civico": "19", "zd_attuale": "6", "anno": "2020" }, "geometry": { "type": "Point", "coordinates": [ 9.130298626663933, 45.442984887486894 ] } },
{ "type": "Feature", "properties": { "id_amat": 372, "stato": "attiva", "numero": "377", "nome": "Inganni - Lorenteggio", "tipo": "Monofacciale", "stalli": "24", "sede": "Marciapiede", "id_via": "6672", "indirizzo": "VIA ANGELO INGANNI - INTERSEZIONE VIA LORENTEGGIO", "civico": null, "zd_attuale": "6", "anno": "2020" }, "geometry": { "type": "Point", "coordinates": [ 9.127906904227698, 45.447355254395852 ] } },
{ "type": "Feature", "properties": { "id_amat": 373, "stato": "attiva", "numero": "378", "nome": "San Gimignano - Soderini", "tipo": "Monofacciale", "stalli": "27", "sede": "Marciapiede", "id_via": "6613", "indirizzo": "VIALE SAN GIMINIANO", "civico": "9\/A", "zd_attuale": "6", "anno": "2020" }, "geometry": { "type": "Point", "coordinates": [ 9.135783677845, 45.454257907183923 ] } },
{ "type": "Feature", "properties": { "id_amat": 374, "stato": "attiva", "numero": "379", "nome": "Inganni - Corba", "tipo": "Monofacciale", "stalli": "30", "sede": "Marciapiede", "id_via": "6672", "indirizzo": "VIA ANGELO INGANNI - INTERSEZIONE VIA CASCINA CORBA", "civico": null, "zd_attuale": "6", "anno": "2020" }, "geometry": { "type": "Point", "coordinates": [ 9.125921239412099, 45.451025392504818 ] } },
{ "type": "Feature", "properties": { "id_amat": 375, "stato": "attiva", "numero": "380", "nome": "Inganni M1 - Zurigo", "tipo": "Monofacciale", "stalli": "30", "sede": "Marciapiede", "id_via": "6672", "indirizzo": "VIA ANGELO INGANNI", "civico": null, "zd_attuale": "6", "anno": "2019" }, "geometry": { "type": "Point", "coordinates": [ 9.122793869571623, 45.457070173699002 ] } },
{ "type": "Feature", "properties": { "id_amat": 376, "stato": "attiva", "numero": "381", "nome": "Primaticcio - Legioni Romane", "tipo": "Monofacciale", "stalli": "30", "sede": "Marciapiede", "id_via": "6646", "indirizzo": "VIA FRANCESCO PRIMATICCIO - INTERSEZIONE VIALE LEGIONI ROMANE", "civico": null, "zd_attuale": "6", "anno": "2019" }, "geometry": { "type": "Point", "coordinates": [ 9.129651218174276, 45.459146815275972 ] } },
{ "type": "Feature", "properties": { "id_amat": 377, "stato": "attiva", "numero": "382", "nome": "Ciclamini - Palazzetto del Ghiaccio", "tipo": "Monofacciale", "stalli": "30", "sede": "Carreggiata", "id_via": "6693", "indirizzo": "VIA DEI CICLAMINI", "civico": "18", "zd_attuale": "6", "anno": "2020" }, "geometry": { "type": "Point", "coordinates": [ 9.128794297876848, 45.45453374847974 ] } },
{ "type": "Feature", "properties": { "id_amat": 383, "stato": "attiva", "numero": "383", "nome": "Angilberto - Comacchio", "tipo": "Monofacciale", "stalli": "30", "sede": "Carreggiata", "id_via": "4278", "indirizzo": "PIAZZA ANGILBERTO II", "civico": null, "zd_attuale": "4", "anno": "2018" }, "geometry": { "type": "Point", "coordinates": [ 9.217486110682344, 45.437213982272382 ] } },
{ "type": "Feature", "properties": { "id_amat": 384, "stato": "attiva", "numero": "384", "nome": "Gabrio Rosa", "tipo": "Monofacciale", "stalli": "30", "sede": "Marciapiede", "id_via": "4288", "indirizzo": "PIAZZALE GABRIELE ROSA", "civico": null, "zd_attuale": "4", "anno": "2019" }, "geometry": { "type": "Point", "coordinates": [ 9.224237518535954, 45.437205572514763 ] } },
{ "type": "Feature", "properties": { "id_amat": 385, "stato": "attiva", "numero": "385", "nome": "Ortles - Orobia", "tipo": "Monofacciale", "stalli": "30", "sede": "Carreggiata", "id_via": "4133", "indirizzo": "VIALE ORTLES", "civico": "53", "zd_attuale": "5", "anno": "2019" }, "geometry": { "type": "Point", "coordinates": [ 9.206705635073774, 45.439966947041498 ] } },
{ "type": "Feature", "properties": { "id_amat": 386, "stato": "attiva", "numero": "318", "nome": "Gioia - Carissimi", "tipo": "Monofacciale", "stalli": "36", "sede": "Carreggiata", "id_via": "1108", "indirizzo": "VIA MELCHIORRE GIOIA", "civico": "93", "zd_attuale": "2", "anno": "2015" }, "geometry": { "type": "Point", "coordinates": [ 9.202225986920537, 45.490693878284461 ] } },
{ "type": "Feature", "properties": { "id_amat": 387, "stato": "attiva", "numero": "168", "nome": "Piazza Carbonari", "tipo": "Monofacciale", "stalli": "30", "sede": "Marciapiede", "id_via": "1219", "indirizzo": "VIA GIACOMO CARISSIMI", "civico": null, "zd_attuale": "2", "anno": "2011" }, "geometry": { "type": "Point", "coordinates": [ 9.199150596367895, 45.492571900617456 ] } },
{ "type": "Feature", "properties": { "id_amat": 388, "stato": "attiva", "numero": "211", "nome": "Bernini", "tipo": "Monofacciale", "stalli": "27", "sede": "Marciapiede", "id_via": "2201", "indirizzo": "PIAZZA GIAN LORENZO BERNINI", "civico": null, "zd_attuale": "3", "anno": "2013" }, "geometry": { "type": "Point", "coordinates": [ 9.221508858999433, 45.478756331709242 ] } },
{ "type": "Feature", "properties": { "id_amat": 389, "stato": "attiva", "numero": "361", "nome": "Bottini 1 - Lambrate M2", "tipo": "Monofacciale", "stalli": "33", "sede": "Marciapiede", "id_via": "2572", "indirizzo": "PIAZZA ENRICO BOTTINI", "civico": null, "zd_attuale": "3", "anno": "2019" }, "geometry": { "type": "Point", "coordinates": [ 9.236869038791129, 45.484462416735042 ] } },
{ "type": "Feature", "properties": { "id_amat": 391, "stato": "attiva", "numero": "500", "nome": "Cascina Merlata - UpTown", "tipo": "Monofacciale", "stalli": "30", "sede": "Marciapiede", "id_via": "7614", "indirizzo": "VIA PIER PAOLO PASOLINI", "civico": null, "zd_attuale": "8", "anno": "2021" }, "geometry": { "type": "Point", "coordinates": [ 9.10344971565342, 45.507111163733185 ] } },
{ "type": "Feature", "properties": { "id_amat": 392, "stato": "attiva", "numero": "501", "nome": "Cascina Merlata - Social Village", "tipo": "Bifacciale", "stalli": "30", "sede": "Marciapiede", "id_via": "7614", "indirizzo": "VIA PIER PAOLO PASOLINI", "civico": null, "zd_attuale": "8", "anno": "2021" }, "geometry": { "type": "Point", "coordinates": [ 9.100789119718412, 45.511693634346827 ] } },
{ "type": "Feature", "properties": { "id_amat": 393, "stato": "attiva", "numero": "503", "nome": "Bovio - Crespi", "tipo": "Monofacciale", "stalli": "39", "sede": "Marciapiede", "id_via": "1507", "indirizzo": "VIA GIOVANNI BOVIO - INTERSEZIONE VIA BENIGNO CRESPI", "civico": null, "zd_attuale": "9", "anno": "2021" }, "geometry": { "type": "Point", "coordinates": [ 9.184529799492763, 45.502942020472616 ] } },
{ "type": "Feature", "properties": { "id_amat": 394, "stato": "attiva", "numero": "063", "nome": "Sant'Ambrogio", "tipo": "Monofacciale", "stalli": "30", "sede": "Marciapiede", "id_via": "643", "indirizzo": "PIAZZA SANT'AMBROGIO", "civico": null, "zd_attuale": "1", "anno": "2008" }, "geometry": { "type": "Point", "coordinates": [ 9.174586908018428, 45.462255508582132 ] } },
{ "type": "Feature", "properties": { "id_amat": 395, "stato": "attiva", "numero": "064", "nome": "Diaz", "tipo": "Monofacciale", "stalli": "39", "sede": "Carreggiata", "id_via": "339", "indirizzo": "PIAZZA DIAZ ARMANDO", "civico": "6", "zd_attuale": "1", "anno": "2008" }, "geometry": { "type": "Point", "coordinates": [ 9.189651171281394, 45.462162471180442 ] } },
{ "type": "Feature", "properties": { "id_amat": 396, "stato": "attiva", "numero": "502", "nome": "UniCredit - Lampugnano M1", "tipo": "Bifacciale", "stalli": "36", "sede": "Marciapiede", "id_via": "6891", "indirizzo": "VIA LIVIO CAMBI", "civico": null, "zd_attuale": "8", "anno": "2021" }, "geometry": { "type": "Point", "coordinates": [ 9.126255145828779, 45.489537319048047 ] } },
{ "type": "Feature", "properties": { "id_amat": 397, "stato": "attiva", "numero": "V1", "nome": "Apulejo - Campania", "tipo": "Virtuale", "stalli": "20", "sede": "Carreggiata", "id_via": "3265", "indirizzo": "VIA APULEJO - INTERSEZIONE VIALE CAMPANIA", "civico": null, "zd_attuale": "4", "anno": "2021" }, "geometry": { "type": "Point", "coordinates": [ 9.224434062334128, 45.462638574210374 ] } },
{ "type": "Feature", "properties": { "id_amat": 398, "stato": "attiva", "numero": "V2", "nome": "Hajech", "tipo": "Virtuale", "stalli": "20", "sede": "Carreggiata", "id_via": "3091", "indirizzo": "VIA CAMILLO HAJECH", "civico": "20-22", "zd_attuale": "4", "anno": "2021" }, "geometry": { "type": "Point", "coordinates": [ 9.218502180240904, 45.464612714894059 ] } },
{ "type": "Feature", "properties": { "id_amat": 399, "stato": "attiva", "numero": "V3", "nome": "Commenda - Berchet", "tipo": "Virtuale", "stalli": "20", "sede": "Carreggiata", "id_via": "3146", "indirizzo": "VIA DELLA COMMENDA", "civico": null, "zd_attuale": "1", "anno": "2021" }, "geometry": { "type": "Point", "coordinates": [ 9.199383705621193, 45.455478548260295 ] } }
]
}
